sequence_index,cow_id,cow_health_status,video_health_status,health_condition,dataset_root,relative_path,detected_frames,filled_frames,mean_detection_confidence,sequence_folder,pain_logit,pain_prob,task2_logit_0,task2_logit_1,task2_logit_2,task2_prob_no_pain,task2_prob_acute,task2_prob_residual,task2_entropy
1,394,Unhealthy,Unhealthy,lameness,Truro Cow Video Data,unhealthy cows before going out/Sep 29/394-lameness.mov,240,0,0.9084200409551462,/content/drive/MyDrive/cow_face_sequences_10s_250/sequences/unhealthy/cow_394_unhealthy/sequence_0001_truro_cow_video_data_2322eece,-0.10256772488355637,0.4743804931640625,,,,,,,
2,323,Unhealthy,Unhealthy,lameness,Truro Cow Video Data,unhealthy cows before going out/Nov 7/323-lameness.mov,240,0,0.9290141927699248,/content/drive/MyDrive/cow_face_sequences_10s_250/sequences/unhealthy/cow_323_unhealthy/sequence_0002_truro_cow_video_data_fe15f724,-0.5875731706619263,0.35719189047813416,,,,,,,
3,310,Unhealthy,Unhealthy,possible mastitis,Yashan Dhaliwal RAC Data 2025,"28 Feb 2025/After Exercise/310/Video 2025-02-28, 9 59 51 AM.mov",240,0,0.9342046479384104,/content/drive/MyDrive/cow_face_sequences_10s_250/sequences/unhealthy/cow_310_unhealthy/sequence_0003_yashan_dhaliwal_rac_da_602b2334,-0.41989457607269287,0.3965419828891754,,,,,,,
4,406,Healthy,Healthy,healthy folder,Truro Cow Video Data,healthy cows before going out/Sep 8/406.mov,240,0,0.911056953171889,/content/drive/MyDrive/cow_face_sequences_10s_250/sequences/healthy/cow_406_healthy/sequence_0004_truro_cow_video_data_c1da77dc,-0.30516406893730164,0.4242955446243286,,,,,,,
5,387,Healthy,Healthy,healthy folder,Truro Cow Video Data,healthy cows before going out/Sep 29/387.mov,240,0,0.873274622609218,/content/drive/MyDrive/cow_face_sequences_10s_250/sequences/healthy/cow_387_healthy/sequence_0005_truro_cow_video_data_77c68fc9,-0.3985201120376587,0.4016679525375366,,,,,,,
6,402,Healthy,Healthy,healthy folder,Truro Cow Video Data,healthy cows after exercise/Nov 7/402.mov,240,0,0.9249715042610963,/content/drive/MyDrive/cow_face_sequences_10s_250/sequences/healthy/cow_402_healthy/sequence_0006_truro_cow_video_data_f3dc6fa5,-0.16046088933944702,0.4599706530570984,,,,,,,
7,446,Unhealthy,Unhealthy,fresh cows,Truro Cow Video Data,unhealthy cows after exercise/Sep 5/446- fresh cows.mov,240,0,0.9178997702896595,/content/drive/MyDrive/cow_face_sequences_10s_250/sequences/unhealthy/cow_446_unhealthy/sequence_0007_truro_cow_video_data_0b31f13d,-0.5531992316246033,0.365122526884079,,,,,,,
8,403,Unhealthy,Unhealthy,lameness,Truro Cow Video Data,unhealthy cows before going out/Oct 1/403-lameness.mov,240,0,0.9344641707837582,/content/drive/MyDrive/cow_face_sequences_10s_250/sequences/unhealthy/cow_403_unhealthy/sequence_0008_truro_cow_video_data_e98b1beb,-0.27504026889801025,0.4316701591014862,,,,,,,
9,374,Healthy,Healthy,healthy folder,Truro Cow Video Data,healthy cows before going out/Nov 10/374.mov,240,0,0.9354109381635983,/content/drive/MyDrive/cow_face_sequences_10s_250/sequences/healthy/cow_374_healthy/sequence_0009_truro_cow_video_data_56dfef4f,-0.30883604288101196,0.42339882254600525,,,,,,,
10,421,Unhealthy,Unhealthy,lameness/stiffness,Yashan Dhaliwal RAC Data 2025,"7 March 2025/After Exercise/421/Video 2025-03-07, 7 25 57 AM.mov",240,0,0.9247473751505216,/content/drive/MyDrive/cow_face_sequences_10s_250/sequences/unhealthy/cow_421_unhealthy/sequence_0010_yashan_dhaliwal_rac_da_d1faf842,-0.3895936608314514,0.4038151204586029,,,,,,,
11,433,Unhealthy,Unhealthy,possible mastitis,Yashan Dhaliwal RAC Data 2025,"March 24 2025/Before exercise/433/Video 2025-03-24, 7 12 23 AM.mov",232,8,0.9055813211819221,/content/drive/MyDrive/cow_face_sequences_10s_250/sequences/unhealthy/cow_433_unhealthy/sequence_0011_yashan_dhaliwal_rac_da_5aab07c5,-0.31646728515625,0.4215368926525116,,,,,,,
12,438,Unhealthy,Unhealthy,possible metritis,Yashan Dhaliwal RAC Data 2025,"20 Feb 2025/Before Exercise/438/Video 2025-02-20, 8 57 35 AM.mov",240,0,0.933679478118817,/content/drive/MyDrive/cow_face_sequences_10s_250/sequences/unhealthy/cow_438_unhealthy/sequence_0012_yashan_dhaliwal_rac_da_cb6ffb0b,0.00037481554318219423,0.5000936985015869,,,,,,,
13,428,Healthy,Healthy,healthy folder,Truro Cow Video Data,healthy cows before going out/Nov 5/428.mov,228,12,0.809245539600389,/content/drive/MyDrive/cow_face_sequences_10s_250/sequences/healthy/cow_428_healthy/sequence_0013_truro_cow_video_data_5c0756b0,-0.4049525856971741,0.4001230299472809,,,,,,,
14,426,Healthy,Healthy,healthy folder,Truro Cow Video Data,healthy cows after exercise/Nov 7/426.mov,240,0,0.9147064263621966,/content/drive/MyDrive/cow_face_sequences_10s_250/sequences/healthy/cow_426_healthy/sequence_0014_truro_cow_video_data_7ce1356e,-0.27358171343803406,0.43202799558639526,,,,,,,
15,417,Unhealthy,Healthy,healthy,Yashan Dhaliwal RAC Data 2025,"12 March 2025/After exercise/417/Video 2025-03-12, 8 10 02 AM.mov",240,0,0.9244140026470026,/content/drive/MyDrive/cow_face_sequences_10s_250/sequences/unhealthy/cow_417_unhealthy/sequence_0015_yashan_dhaliwal_rac_da_372463d0,-0.15733550488948822,0.4607470631599426,,,,,,,
16,427,Unhealthy,Unhealthy,lameness,Truro Cow Video Data,unhealthy cows before going out/Sep 8/427- lameness.mov,240,0,0.9299181406696637,/content/drive/MyDrive/cow_face_sequences_10s_250/sequences/unhealthy/cow_427_unhealthy/sequence_0016_truro_cow_video_data_47013587,0.060892265290021896,0.5152183771133423,,,,,,,
17,378,Unhealthy,Healthy,healthy,Yashan Dhaliwal RAC Data 2025,"12 March 2025/After exercise/378/Video 2025-03-12, 8 08 18 AM.mov",240,0,0.922410644342502,/content/drive/MyDrive/cow_face_sequences_10s_250/sequences/unhealthy/cow_378_unhealthy/sequence_0017_yashan_dhaliwal_rac_da_fa453eec,-0.568378746509552,0.361611008644104,,,,,,,
18,425,Unhealthy,Unhealthy,unhealthy folder,Truro Cow Video Data,unhealthy cows after exercise/Sep 4/425.mov,240,0,0.9188506041963895,/content/drive/MyDrive/cow_face_sequences_10s_250/sequences/unhealthy/cow_425_unhealthy/sequence_0018_truro_cow_video_data_44fa7070,-0.4570484757423401,0.38768622279167175,,,,,,,
19,432,Healthy,Healthy,healthy folder,Truro Cow Video Data,healthy cows after exercise/Sep 4/432.mov,240,0,0.9074539872507255,/content/drive/MyDrive/cow_face_sequences_10s_250/sequences/healthy/cow_432_healthy/sequence_0019_truro_cow_video_data_f7e611b5,-0.0817209854722023,0.4795810878276825,,,,,,,
20,404,Healthy,Healthy,healthy folder,Truro Cow Video Data,healthy cows after exercise/Oct 6/404.mov,228,12,0.8915525588550066,/content/drive/MyDrive/cow_face_sequences_10s_250/sequences/healthy/cow_404_healthy/sequence_0020_truro_cow_video_data_cf1dcde6,-0.5179084539413452,0.37334147095680237,,,,,,,
21,349,Unhealthy,Unhealthy,sudden fall,Cow 349 - Unhealthy (sudden fall),"Video 2025-03-28, 2 35 10 PM.mov",240,0,0.9362290667990844,/content/drive/MyDrive/cow_face_sequences_10s_250/sequences/unhealthy/cow_349_unhealthy/sequence_0021_cow_349_unhealthy_sudd_406e19d7,-0.3923531174659729,0.4031509757041931,,,,,,,
22,363,Unhealthy,Unhealthy,lameness,Truro Cow Video Data,unhealthy cows after exercise/Nov 28/363-lameness.mov,240,0,0.9201346014936765,/content/drive/MyDrive/cow_face_sequences_10s_250/sequences/unhealthy/cow_363_unhealthy/sequence_0022_truro_cow_video_data_aba78fb0,-0.5717689394950867,0.36082878708839417,,,,,,,
23,436,Healthy,Healthy,healthy,Yashan Dhaliwal RAC Data 2025,"27 Feb 2025/Before Exercise/436/Video 2025-02-27, 2 29 11 PM.mov",240,0,0.9348028359313806,/content/drive/MyDrive/cow_face_sequences_10s_250/sequences/healthy/cow_436_healthy/sequence_0023_yashan_dhaliwal_rac_da_f889417c,-0.29541873931884766,0.42667776346206665,,,,,,,
24,439,Healthy,Healthy,healthy folder,Truro Cow Video Data,healthy cows before going out/Sep 8/439.mov,240,0,0.8954004652798175,/content/drive/MyDrive/cow_face_sequences_10s_250/sequences/healthy/cow_439_healthy/sequence_0024_truro_cow_video_data_fa7cd70b,-0.6160962581634521,0.350669801235199,,,,,,,
25,370,Healthy,Healthy,healthy,Yashan Dhaliwal RAC Data 2025,"10 March 2025/Before exercise/370/Video 2025-03-10, 6 25 31 AM.mov",240,0,0.9255412615835666,/content/drive/MyDrive/cow_face_sequences_10s_250/sequences/healthy/cow_370_healthy/sequence_0025_yashan_dhaliwal_rac_da_8f60cd2b,-0.5410802364349365,0.3679363429546356,,,,,,,
26,415,Unhealthy,Unhealthy,lameness,Truro Cow Video Data,unhealthy cows after exercise/Sep 5/415 - lameness.mov,240,0,0.8978516126672427,/content/drive/MyDrive/cow_face_sequences_10s_250/sequences/unhealthy/cow_415_unhealthy/sequence_0026_truro_cow_video_data_6d3e99fa,-0.5676712989807129,0.36177435517311096,,,,,,,
27,354,Unhealthy,Unhealthy,lame,Yashan Dhaliwal RAC Data 2025,"24 Feb 2025/During Exercise/354/Video 2025-02-24, 9 41 39 AM.mov",240,0,0.9299345922966799,/content/drive/MyDrive/cow_face_sequences_10s_250/sequences/unhealthy/cow_354_unhealthy/sequence_0027_yashan_dhaliwal_rac_da_31c8075f,-0.11306793242692947,0.47176307439804077,,,,,,,
28,255,Unhealthy,Unhealthy,lameness,Truro Cow Video Data,unhealthy cows before going out/oct 29/255-lameness.mov,228,12,0.9114086829256594,/content/drive/MyDrive/cow_face_sequences_10s_250/sequences/unhealthy/cow_255_unhealthy/sequence_0028_truro_cow_video_data_b05eafd6,-0.5950534343719482,0.3554762005805969,,,,,,,
29,405,Healthy,Healthy,healthy folder,Truro Cow Video Data,healthy cows after exercise/Sep 8/405.mov,240,0,0.9110889226198197,/content/drive/MyDrive/cow_face_sequences_10s_250/sequences/healthy/cow_405_healthy/sequence_0029_truro_cow_video_data_cf56de05,-0.2731621265411377,0.43213099241256714,,,,,,,
30,355,Healthy,Healthy,healthy folder,Truro Cow Video Data,healthy cows before going out/Sep 8/355.mov,240,0,0.9403041946391265,/content/drive/MyDrive/cow_face_sequences_10s_250/sequences/healthy/cow_355_healthy/sequence_0030_truro_cow_video_data_b2792d7b,-0.16738800704479218,0.4582504332065582,,,,,,,
31,352,Healthy,Healthy,healthy folder,Truro Cow Video Data,healthy cows before going out/Nov 28/352.mov,240,0,0.923103096584479,/content/drive/MyDrive/cow_face_sequences_10s_250/sequences/healthy/cow_352_healthy/sequence_0031_truro_cow_video_data_a2f7925b,-0.45956361293792725,0.3870893120765686,,,,,,,
32,408,Healthy,Healthy,healthy folder,Truro Cow Video Data,healthy cows before going out/Sep 4/408.mov,240,0,0.9120800830423832,/content/drive/MyDrive/cow_face_sequences_10s_250/sequences/healthy/cow_408_healthy/sequence_0032_truro_cow_video_data_b1f2554b,-0.12936052680015564,0.4677048921585083,,,,,,,
33,394,Unhealthy,Unhealthy,lameness,Truro Cow Video Data,unhealthy cows before going out/Sep 26/394-lameness.mov,240,0,0.9465217828750611,/content/drive/MyDrive/cow_face_sequences_10s_250/sequences/unhealthy/cow_394_unhealthy/sequence_0033_truro_cow_video_data_2dbaa272,-0.11637268960475922,0.47093960642814636,,,,,,,
34,323,Unhealthy,Unhealthy,lameness,Truro Cow Video Data,unhealthy cows after exercise/Nov 7/323-lameness.mov,240,0,0.9206166617572308,/content/drive/MyDrive/cow_face_sequences_10s_250/sequences/unhealthy/cow_323_unhealthy/sequence_0034_truro_cow_video_data_e61e3db8,-0.48395681381225586,0.38131821155548096,,,,,,,
35,310,Unhealthy,Unhealthy,possible mastitis,Yashan Dhaliwal RAC Data 2025,"24 Feb 2025/Before Exercise/310/Video 2025-02-24, 8 58 07 AM.mov",240,0,0.9358627900481225,/content/drive/MyDrive/cow_face_sequences_10s_250/sequences/unhealthy/cow_310_unhealthy/sequence_0035_yashan_dhaliwal_rac_da_8f910855,0.01668662019073963,0.5041715502738953,,,,,,,
36,406,Healthy,Healthy,healthy folder,Truro Cow Video Data,healthy cows after exercise/Sep 5/406.mov,109,131,0.9147433665914273,/content/drive/MyDrive/cow_face_sequences_10s_250/sequences/healthy/cow_406_healthy/sequence_0036_truro_cow_video_data_5107c968,-0.20410561561584473,0.449150025844574,,,,,,,
37,387,Healthy,Healthy,healthy folder,Truro Cow Video Data,healthy cows before going out/Sep 26/387.mov,240,0,0.9284285965065161,/content/drive/MyDrive/cow_face_sequences_10s_250/sequences/healthy/cow_387_healthy/sequence_0037_truro_cow_video_data_cbb81e26,-0.29595649242401123,0.42654624581336975,,,,,,,
38,402,Healthy,Healthy,healthy folder,Truro Cow Video Data,healthy cows before going out/Oct 29/402.mov,220,20,0.8583921828053215,/content/drive/MyDrive/cow_face_sequences_10s_250/sequences/healthy/cow_402_healthy/sequence_0038_truro_cow_video_data_e26a4f60,-0.43533456325531006,0.3928532004356384,,,,,,,
39,446,Unhealthy,Unhealthy,fresh cows,Truro Cow Video Data,unhealthy cows before going out/Sep 4/446- fresh cows.mov,223,17,0.8755478757379301,/content/drive/MyDrive/cow_face_sequences_10s_250/sequences/unhealthy/cow_446_unhealthy/sequence_0039_truro_cow_video_data_dcd2c001,-0.26683276891708374,0.4336848258972168,,,,,,,
40,403,Unhealthy,Unhealthy,lameness,Truro Cow Video Data,unhealthy cows before going out/Sep 8/403- lameness.mov,240,0,0.9137769490480423,/content/drive/MyDrive/cow_face_sequences_10s_250/sequences/unhealthy/cow_403_unhealthy/sequence_0040_truro_cow_video_data_84c96a46,-0.05740520730614662,0.4856526255607605,,,,,,,
41,374,Healthy,Healthy,healthy folder,Truro Cow Video Data,healthy cows before going out/Nov 7/374.mov,240,0,0.9324015706777573,/content/drive/MyDrive/cow_face_sequences_10s_250/sequences/healthy/cow_374_healthy/sequence_0041_truro_cow_video_data_2a69ded3,-0.3211735188961029,0.4203897714614868,,,,,,,
42,421,Unhealthy,Unhealthy,lameness/stiffness,Yashan Dhaliwal RAC Data 2025,"March 24 2025/After exercise/421/Video 2025-03-24, 7 53 24 AM.mov",240,0,0.9310943168898423,/content/drive/MyDrive/cow_face_sequences_10s_250/sequences/unhealthy/cow_421_unhealthy/sequence_0042_yashan_dhaliwal_rac_da_3e209236,-0.016566699370741844,0.49585846066474915,,,,,,,
43,433,Unhealthy,Unhealthy,possible mastitis,Yashan Dhaliwal RAC Data 2025,"17 March 2025/After exercise/433/Video 2025-03-17, 8 47 40 AM.mov",240,0,0.9380414597690105,/content/drive/MyDrive/cow_face_sequences_10s_250/sequences/unhealthy/cow_433_unhealthy/sequence_0043_yashan_dhaliwal_rac_da_014f7ada,-0.4750458300113678,0.3834226429462433,,,,,,,
44,438,Unhealthy,Unhealthy,possible metritis,Yashan Dhaliwal RAC Data 2025,"20 Feb 2025/During Exercise/438/Video 2025-02-20, 9 16 25 AM.mov",142,98,0.7666452296183143,/content/drive/MyDrive/cow_face_sequences_10s_250/sequences/unhealthy/cow_438_unhealthy/sequence_0044_yashan_dhaliwal_rac_da_9ff4b0b4,-0.33618688583374023,0.41673603653907776,,,,,,,
45,428,Healthy,Healthy,healthy folder,Truro Cow Video Data,healthy cows after exercise/Nov 5/428.mov,240,0,0.9216979759434859,/content/drive/MyDrive/cow_face_sequences_10s_250/sequences/healthy/cow_428_healthy/sequence_0045_truro_cow_video_data_e2f3de60,-0.14051537215709686,0.4649288058280945,,,,,,,
46,426,Healthy,Healthy,healthy folder,Truro Cow Video Data,healthy cows before going out/Nov 7/426.mov,240,0,0.9348373867571353,/content/drive/MyDrive/cow_face_sequences_10s_250/sequences/healthy/cow_426_healthy/sequence_0046_truro_cow_video_data_bbcd8e39,-0.5231965780258179,0.37210506200790405,,,,,,,
47,417,Unhealthy,Healthy,healthy,Yashan Dhaliwal RAC Data 2025,"March 24 2025/After exercise/417/Video 2025-03-24, 7 58 46 AM.mov",240,0,0.921450388431549,/content/drive/MyDrive/cow_face_sequences_10s_250/sequences/unhealthy/cow_417_unhealthy/sequence_0047_yashan_dhaliwal_rac_da_47ad8b5f,-0.3571557402610779,0.4116482734680176,,,,,,,
48,427,Unhealthy,Unhealthy,lameness,Truro Cow Video Data,unhealthy cows after exercise/Sep 4/427- lameness.mov,240,0,0.9348571506639322,/content/drive/MyDrive/cow_face_sequences_10s_250/sequences/unhealthy/cow_427_unhealthy/sequence_0048_truro_cow_video_data_75a4458d,-0.0458022877573967,0.48855143785476685,,,,,,,
49,378,Unhealthy,Healthy,healthy,Yashan Dhaliwal RAC Data 2025,"7 March 2025/Before Exercise/378/Video 2025-03-07, 6 21 02 AM.mov",240,0,0.9378780769805114,/content/drive/MyDrive/cow_face_sequences_10s_250/sequences/unhealthy/cow_378_unhealthy/sequence_0049_yashan_dhaliwal_rac_da_7c040f84,-0.4540450870990753,0.3883994519710541,,,,,,,
50,425,Unhealthy,Unhealthy,lameness,Truro Cow Video Data,unhealthy cows after exercise/Oct 29/425-lameness.mov,240,0,0.9115876237551371,/content/drive/MyDrive/cow_face_sequences_10s_250/sequences/unhealthy/cow_425_unhealthy/sequence_0050_truro_cow_video_data_74b26b84,-0.6538189053535461,0.3421294689178467,,,,,,,
51,432,Healthy,Healthy,healthy folder,Truro Cow Video Data,healthy cows after exercise/Sep 8/432.mov,240,0,0.9269799560308456,/content/drive/MyDrive/cow_face_sequences_10s_250/sequences/healthy/cow_432_healthy/sequence_0051_truro_cow_video_data_2d71e168,-0.507927656173706,0.37567949295043945,,,,,,,
52,404,Healthy,Healthy,healthy folder,Truro Cow Video Data,healthy cows after exercise/Oct 1/404.mov,240,0,0.8944588594138623,/content/drive/MyDrive/cow_face_sequences_10s_250/sequences/healthy/cow_404_healthy/sequence_0052_truro_cow_video_data_6b132262,0.00326470541767776,0.5008161664009094,,,,,,,
53,349,Unhealthy,Unhealthy,sudden fall,Cow 349 - Unhealthy (sudden fall),"Video 2025-03-28, 2 47 34 PM.mov",235,5,0.8500771225766933,/content/drive/MyDrive/cow_face_sequences_10s_250/sequences/unhealthy/cow_349_unhealthy/sequence_0053_cow_349_unhealthy_sudd_44544f98,0.1467849165201187,0.5366305112838745,,,,,,,
54,363,Unhealthy,Unhealthy,lameness,Truro Cow Video Data,unhealthy cows before going out/Nov 28/363-lameness.mov,240,0,0.9282889425754547,/content/drive/MyDrive/cow_face_sequences_10s_250/sequences/unhealthy/cow_363_unhealthy/sequence_0054_truro_cow_video_data_50b9f3d8,-0.6294224262237549,0.3476415276527405,,,,,,,
55,436,Healthy,Healthy,healthy,Yashan Dhaliwal RAC Data 2025,20 Feb 2025/After Exercise/436 (1)/IMG_0548.MOV,240,0,0.9135668471455574,/content/drive/MyDrive/cow_face_sequences_10s_250/sequences/healthy/cow_436_healthy/sequence_0055_yashan_dhaliwal_rac_da_29be644d,-0.15879911184310913,0.46038344502449036,,,,,,,
56,439,Healthy,Healthy,healthy folder,Truro Cow Video Data,healthy cows after exercise/Sep 5/439.mov,240,0,0.9179200741151968,/content/drive/MyDrive/cow_face_sequences_10s_250/sequences/healthy/cow_439_healthy/sequence_0056_truro_cow_video_data_7ff46329,-0.1449284702539444,0.46383118629455566,,,,,,,
57,370,Healthy,Healthy,healthy,Yashan Dhaliwal RAC Data 2025,"27 Feb 2025/During Exercise/370/Video 2025-02-27, 3 22 44 PM.mov",199,41,0.8366024155712607,/content/drive/MyDrive/cow_face_sequences_10s_250/sequences/healthy/cow_370_healthy/sequence_0057_yashan_dhaliwal_rac_da_f26ae6ec,-0.3468642234802246,0.41414308547973633,,,,,,,
58,415,Unhealthy,Unhealthy,lameness,Truro Cow Video Data,unhealthy cows after exercise/Sep 4/415 - lameness.mov,240,0,0.9029717360933621,/content/drive/MyDrive/cow_face_sequences_10s_250/sequences/unhealthy/cow_415_unhealthy/sequence_0058_truro_cow_video_data_3a0b9551,-0.4592956006526947,0.38715294003486633,,,,,,,
59,354,Unhealthy,Unhealthy,lame,Yashan Dhaliwal RAC Data 2025,"March 19 2025/After exercise/354/Video 2025-03-19, 8 04 47 AM.mov",240,0,0.8884655413528283,/content/drive/MyDrive/cow_face_sequences_10s_250/sequences/unhealthy/cow_354_unhealthy/sequence_0059_yashan_dhaliwal_rac_da_835094b4,-0.2585492730140686,0.4357203245162964,,,,,,,
60,255,Unhealthy,Unhealthy,lame,Yashan Dhaliwal RAC Data 2025,"10 March 2025/During exercise/255/Video 2025-03-10, 6 58 02 AM.mov",240,0,0.9107565005620321,/content/drive/MyDrive/cow_face_sequences_10s_250/sequences/unhealthy/cow_255_unhealthy/sequence_0060_yashan_dhaliwal_rac_da_33c03cf5,-0.3705701231956482,0.40840327739715576,,,,,,,
61,405,Healthy,Healthy,healthy folder,Truro Cow Video Data,healthy cows before going out/Sep 8/405.mov,240,0,0.9171775318682194,/content/drive/MyDrive/cow_face_sequences_10s_250/sequences/healthy/cow_405_healthy/sequence_0061_truro_cow_video_data_8c29e30a,-0.04636227339506149,0.48841148614883423,,,,,,,
62,355,Healthy,Healthy,healthy folder,Truro Cow Video Data,healthy cows before going out/Sep 4/355.mov,240,0,0.9181237099071343,/content/drive/MyDrive/cow_face_sequences_10s_250/sequences/healthy/cow_355_healthy/sequence_0062_truro_cow_video_data_74bb8922,-0.2635442316532135,0.43449264764785767,,,,,,,
63,352,Healthy,Healthy,healthy folder,Truro Cow Video Data,healthy cows after exercise/Nov 28/352.mov,240,0,0.9148002174993356,/content/drive/MyDrive/cow_face_sequences_10s_250/sequences/healthy/cow_352_healthy/sequence_0063_truro_cow_video_data_a4ec7e26,-0.6759709715843201,0.337161123752594,,,,,,,
64,408,Healthy,Healthy,healthy folder,Truro Cow Video Data,healthy cows before going out/Sep 5/408.mov,240,0,0.9413356443246206,/content/drive/MyDrive/cow_face_sequences_10s_250/sequences/healthy/cow_408_healthy/sequence_0064_truro_cow_video_data_39cda8bb,-0.10386815667152405,0.47405627369880676,,,,,,,
65,394,Unhealthy,Unhealthy,lameness,Truro Cow Video Data,unhealthy cows after exercise/Sep 26/394-lameness.mov,217,23,0.9038919064855795,/content/drive/MyDrive/cow_face_sequences_10s_250/sequences/unhealthy/cow_394_unhealthy/sequence_0065_truro_cow_video_data_ba836cbe,-0.12826576828956604,0.4679774343967438,,,,,,,
66,323,Unhealthy,Unhealthy,lameness,Truro Cow Video Data,unhealthy cows before going out/Nov 10/323- lameness.mov,240,0,0.9261671207845211,/content/drive/MyDrive/cow_face_sequences_10s_250/sequences/unhealthy/cow_323_unhealthy/sequence_0066_truro_cow_video_data_25e9a387,-0.3929649889469147,0.4030037224292755,,,,,,,
67,310,Unhealthy,Unhealthy,possible mastitis,Yashan Dhaliwal RAC Data 2025,"17 March 2025/Before exercise/310/Video 2025-03-17, 7 06 35 AM.mov",240,0,0.9214439620574315,/content/drive/MyDrive/cow_face_sequences_10s_250/sequences/unhealthy/cow_310_unhealthy/sequence_0067_yashan_dhaliwal_rac_da_f0ef28cd,-0.43566933274269104,0.3927733302116394,,,,,,,
68,406,Healthy,Healthy,healthy folder,Truro Cow Video Data,healthy cows after exercise/Nov 28/406.mov,240,0,0.907888301461935,/content/drive/MyDrive/cow_face_sequences_10s_250/sequences/healthy/cow_406_healthy/sequence_0068_truro_cow_video_data_04baec67,-0.2638346552848816,0.4344213306903839,,,,,,,
69,387,Healthy,Healthy,healthy folder,Truro Cow Video Data,healthy cows before going out/Oct 1/387.mov,240,0,0.911483658105135,/content/drive/MyDrive/cow_face_sequences_10s_250/sequences/healthy/cow_387_healthy/sequence_0069_truro_cow_video_data_80f0106a,-0.045485373586416245,0.48863065242767334,,,,,,,
70,402,Healthy,Healthy,healthy folder,Truro Cow Video Data,healthy cows before going out/Nov 10/402.mov,240,0,0.9385054714977741,/content/drive/MyDrive/cow_face_sequences_10s_250/sequences/healthy/cow_402_healthy/sequence_0070_truro_cow_video_data_5f167de9,-0.38388049602508545,0.4051913321018219,,,,,,,
71,446,Unhealthy,Unhealthy,fresh cows,Truro Cow Video Data,unhealthy cows after exercise/Sep 4/446- fresh cows.mov,221,19,0.8468000608332017,/content/drive/MyDrive/cow_face_sequences_10s_250/sequences/unhealthy/cow_446_unhealthy/sequence_0071_truro_cow_video_data_29726190,-0.13820211589336395,0.46550434827804565,,,,,,,
72,403,Unhealthy,Unhealthy,lameness,Truro Cow Video Data,unhealthy cows after exercise/Sep 5/403- lameness.mov,240,0,0.9292647488415241,/content/drive/MyDrive/cow_face_sequences_10s_250/sequences/unhealthy/cow_403_unhealthy/sequence_0072_truro_cow_video_data_0f1fdc45,-0.2427578568458557,0.43960684537887573,,,,,,,
73,374,Healthy,Healthy,healthy folder,Truro Cow Video Data,healthy cows after exercise/Nov 7/374.mov,240,0,0.9254625787337621,/content/drive/MyDrive/cow_face_sequences_10s_250/sequences/healthy/cow_374_healthy/sequence_0073_truro_cow_video_data_817725b6,-0.19863228499889374,0.4505045413970947,,,,,,,
74,421,Unhealthy,Unhealthy,lameness/stiffness,Yashan Dhaliwal RAC Data 2025,"March 24 2025/During exercise/421/Video 2025-03-24, 7 21 47 AM.mov",240,0,0.9105600071450074,/content/drive/MyDrive/cow_face_sequences_10s_250/sequences/unhealthy/cow_421_unhealthy/sequence_0074_yashan_dhaliwal_rac_da_d387777d,-0.17990612983703613,0.45514440536499023,,,,,,,
75,433,Unhealthy,Unhealthy,possible mastitis,Yashan Dhaliwal RAC Data 2025,"27 Feb 2025/After Exercise/433/Video 2025-02-27, 3 51 28 PM.mov",240,0,0.938522698233525,/content/drive/MyDrive/cow_face_sequences_10s_250/sequences/unhealthy/cow_433_unhealthy/sequence_0075_yashan_dhaliwal_rac_da_ffedbd14,-0.35849881172180176,0.41132301092147827,,,,,,,
76,438,Unhealthy,Unhealthy,possible metritis,Yashan Dhaliwal RAC Data 2025,"19 Feb 2025/During Exercise/438/Video 2025-02-19, 9 29 42 AM.mov",227,13,0.7865674976210237,/content/drive/MyDrive/cow_face_sequences_10s_250/sequences/unhealthy/cow_438_unhealthy/sequence_0076_yashan_dhaliwal_rac_da_9b7ddecf,0.12489700317382812,0.5311837196350098,,,,,,,
77,426,Healthy,Healthy,healthy folder,Truro Cow Video Data,healthy cows after exercise/Nov 10/426.mov,240,0,0.8933867079516252,/content/drive/MyDrive/cow_face_sequences_10s_250/sequences/healthy/cow_426_healthy/sequence_0077_truro_cow_video_data_e59d88e3,0.2678755521774292,0.5665712952613831,,,,,,,
78,417,Unhealthy,Unhealthy,fresh cows,Truro Cow Video Data,unhealthy cows after exercise/Sep 8/417- fresh cows .mov,240,0,0.8719493227700392,/content/drive/MyDrive/cow_face_sequences_10s_250/sequences/unhealthy/cow_417_unhealthy/sequence_0078_truro_cow_video_data_4ac6c296,-0.056498780846595764,0.4858790338039398,,,,,,,
79,427,Unhealthy,Unhealthy,lameness,Truro Cow Video Data,unhealthy cows after exercise/Sep 8/427- lameness.mov,240,0,0.9333582714200019,/content/drive/MyDrive/cow_face_sequences_10s_250/sequences/unhealthy/cow_427_unhealthy/sequence_0079_truro_cow_video_data_3cf5244e,-0.23820710182189941,0.44072824716567993,,,,,,,
80,378,Unhealthy,Healthy,healthy,Yashan Dhaliwal RAC Data 2025,"20 Feb 2025/During Exercise/378/Video 2025-02-20, 9 29 50 AM.mov",240,0,0.8809574571748574,/content/drive/MyDrive/cow_face_sequences_10s_250/sequences/unhealthy/cow_378_unhealthy/sequence_0080_yashan_dhaliwal_rac_da_c9cc3652,-0.34979793429374695,0.41343143582344055,,,,,,,
81,425,Unhealthy,Unhealthy,lameness,Truro Cow Video Data,unhealthy cows before going out/oct 29/425-lameness.mov,240,0,0.9149432549873988,/content/drive/MyDrive/cow_face_sequences_10s_250/sequences/unhealthy/cow_425_unhealthy/sequence_0081_truro_cow_video_data_bc0232d6,-0.4114750325679779,0.39855852723121643,,,,,,,
82,432,Healthy,Healthy,healthy folder,Truro Cow Video Data,healthy cows before going out/Sep 5/432.mov,240,0,0.9382756993174552,/content/drive/MyDrive/cow_face_sequences_10s_250/sequences/healthy/cow_432_healthy/sequence_0082_truro_cow_video_data_2317c696,-0.43752920627593994,0.3923299014568329,,,,,,,
83,404,Healthy,Healthy,healthy folder,Truro Cow Video Data,healthy cows before going out/Nov 10/404.mov,240,0,0.9298894502222538,/content/drive/MyDrive/cow_face_sequences_10s_250/sequences/healthy/cow_404_healthy/sequence_0083_truro_cow_video_data_4d0094c0,-0.27371498942375183,0.4319952726364136,,,,,,,
84,349,Unhealthy,Unhealthy,sudden fall,Cow 349 - Unhealthy (sudden fall),"Video 2025-03-28, 2 31 06 PM.mov",240,0,0.9012683374186357,/content/drive/MyDrive/cow_face_sequences_10s_250/sequences/unhealthy/cow_349_unhealthy/sequence_0084_cow_349_unhealthy_sudd_5ce2a4ae,-0.25265243649482727,0.43717074394226074,,,,,,,
85,436,Healthy,Healthy,healthy,Yashan Dhaliwal RAC Data 2025,"19 Feb 2025/Before Exercise/436/Video 2025-02-19, 8 37 16 AM.mov",240,0,0.9138724977771441,/content/drive/MyDrive/cow_face_sequences_10s_250/sequences/healthy/cow_436_healthy/sequence_0085_yashan_dhaliwal_rac_da_827cdbfb,-0.40439215302467346,0.40025755763053894,,,,,,,
86,439,Healthy,Healthy,healthy folder,Truro Cow Video Data,healthy cows before going out/Sep 4/439.mov,240,0,0.8978958723445734,/content/drive/MyDrive/cow_face_sequences_10s_250/sequences/healthy/cow_439_healthy/sequence_0086_truro_cow_video_data_faeb9a29,-0.5596410632133484,0.3636305034160614,,,,,,,
87,370,Healthy,Healthy,healthy,Yashan Dhaliwal RAC Data 2025,"7 March 2025/After Exercise/370/Video 2025-03-07, 7 32 51 AM.mov",240,0,0.9097090857724349,/content/drive/MyDrive/cow_face_sequences_10s_250/sequences/healthy/cow_370_healthy/sequence_0087_yashan_dhaliwal_rac_da_d18e1154,-0.2598751187324524,0.43539440631866455,,,,,,,
88,415,Unhealthy,Unhealthy,lameness,Truro Cow Video Data,unhealthy cows after exercise/Sep 8/415 - lameness.mov,240,0,0.9057541300853094,/content/drive/MyDrive/cow_face_sequences_10s_250/sequences/unhealthy/cow_415_unhealthy/sequence_0088_truro_cow_video_data_09af7ee4,0.08503685891628265,0.5212463736534119,,,,,,,
89,354,Unhealthy,Unhealthy,lame,Yashan Dhaliwal RAC Data 2025,"26 March 2025/After exercise/354/Video 2025-03-26, 8 32 59 AM.mov",240,0,0.9387057942648729,/content/drive/MyDrive/cow_face_sequences_10s_250/sequences/unhealthy/cow_354_unhealthy/sequence_0089_yashan_dhaliwal_rac_da_4e914a30,-0.14570777118206024,0.4636373817920685,,,,,,,
90,255,Unhealthy,Unhealthy,lameness,Truro Cow Video Data,unhealthy cows before going out/Nov 10/255- lameness.mov,240,0,0.922835485637188,/content/drive/MyDrive/cow_face_sequences_10s_250/sequences/unhealthy/cow_255_unhealthy/sequence_0090_truro_cow_video_data_a0f97e5a,-0.5240885019302368,0.3718966841697693,,,,,,,
91,405,Healthy,Healthy,healthy folder,Truro Cow Video Data,healthy cows after exercise/Sep 4/405.mov,240,0,0.9234221835931142,/content/drive/MyDrive/cow_face_sequences_10s_250/sequences/healthy/cow_405_healthy/sequence_0091_truro_cow_video_data_67e7f8a4,-0.5322076678276062,0.3700021207332611,,,,,,,
92,355,Healthy,Healthy,healthy folder,Truro Cow Video Data,healthy cows before going out/Sep 5/355.mov,240,0,0.9087575907508533,/content/drive/MyDrive/cow_face_sequences_10s_250/sequences/healthy/cow_355_healthy/sequence_0092_truro_cow_video_data_69ab3834,-0.4890894293785095,0.3801080584526062,,,,,,,
93,408,Healthy,Healthy,healthy folder,Truro Cow Video Data,healthy cows after exercise/Sep 4/408.mov,240,0,0.9229056743284066,/content/drive/MyDrive/cow_face_sequences_10s_250/sequences/healthy/cow_408_healthy/sequence_0093_truro_cow_video_data_dd6a6556,-0.24966123700141907,0.4379068613052368,,,,,,,
94,394,Unhealthy,Unhealthy,lameness,Truro Cow Video Data,unhealthy cows after exercise/Nov 10/394-lameness.mov,240,0,0.9205281955500444,/content/drive/MyDrive/cow_face_sequences_10s_250/sequences/unhealthy/cow_394_unhealthy/sequence_0094_truro_cow_video_data_434dcac8,-0.3200036287307739,0.4206748306751251,,,,,,,
95,323,Unhealthy,Unhealthy,lameness,Truro Cow Video Data,unhealthy cows after exercise/Nov 28/323-lameness.mov,240,0,0.9107326470315457,/content/drive/MyDrive/cow_face_sequences_10s_250/sequences/unhealthy/cow_323_unhealthy/sequence_0095_truro_cow_video_data_179cf4af,-0.5321527123451233,0.3700149357318878,,,,,,,
96,310,Unhealthy,Unhealthy,possible mastitis,Yashan Dhaliwal RAC Data 2025,"27 Feb 2025/Before Exercise/310/Video 2025-02-27, 2 45 31 PM.mov",240,0,0.9483591350416343,/content/drive/MyDrive/cow_face_sequences_10s_250/sequences/unhealthy/cow_310_unhealthy/sequence_0096_yashan_dhaliwal_rac_da_376b0af5,-0.11722800135612488,0.47072649002075195,,,,,,,
97,406,Healthy,Healthy,healthy folder,Truro Cow Video Data,healthy cows after exercise/Sep 4/406.mov,239,1,0.8010908008619333,/content/drive/MyDrive/cow_face_sequences_10s_250/sequences/healthy/cow_406_healthy/sequence_0097_truro_cow_video_data_d8cec1c9,-0.06958689540624619,0.4826102554798126,,,,,,,
98,387,Healthy,Healthy,healthy folder,Truro Cow Video Data,healthy cows after exercise/Sep 29/387.mov,240,0,0.9007205563286941,/content/drive/MyDrive/cow_face_sequences_10s_250/sequences/healthy/cow_387_healthy/sequence_0098_truro_cow_video_data_27f2d619,-0.505215048789978,0.3763158917427063,,,,,,,
99,402,Healthy,Healthy,healthy folder,Truro Cow Video Data,healthy cows after exercise/Oct 29/402.mov,240,0,0.931898154815038,/content/drive/MyDrive/cow_face_sequences_10s_250/sequences/healthy/cow_402_healthy/sequence_0099_truro_cow_video_data_708ccfcc,0.13999329507350922,0.5349413156509399,,,,,,,
100,446,Unhealthy,Unhealthy,fresh cows,Truro Cow Video Data,unhealthy cows before going out/Sep 8/446- fresh cows.mov,240,0,0.9309417222936948,/content/drive/MyDrive/cow_face_sequences_10s_250/sequences/unhealthy/cow_446_unhealthy/sequence_0100_truro_cow_video_data_47534155,-0.27334871888160706,0.43208518624305725,,,,,,,
101,403,Unhealthy,Unhealthy,lameness,Truro Cow Video Data,unhealthy cows after exercise/Sep 29/403-lameness .mov,240,0,0.9110427344838778,/content/drive/MyDrive/cow_face_sequences_10s_250/sequences/unhealthy/cow_403_unhealthy/sequence_0101_truro_cow_video_data_1317237b,-0.2414121925830841,0.43993839621543884,,,,,,,
102,374,Healthy,Healthy,healthy folder,Truro Cow Video Data,healthy cows before going out/Oct 29/374.mov,231,9,0.9165891452785179,/content/drive/MyDrive/cow_face_sequences_10s_250/sequences/healthy/cow_374_healthy/sequence_0102_truro_cow_video_data_8aecc35f,-0.33186355233192444,0.41778725385665894,,,,,,,
103,421,Unhealthy,Unhealthy,lameness/stiffness,Yashan Dhaliwal RAC Data 2025,"28 Feb 2025/After Exercise/421/Video 2025-02-28, 9 52 07 AM.mov",240,0,0.9399936330815156,/content/drive/MyDrive/cow_face_sequences_10s_250/sequences/unhealthy/cow_421_unhealthy/sequence_0103_yashan_dhaliwal_rac_da_68f2e94c,-0.25011637806892395,0.43779483437538147,,,,,,,
104,433,Unhealthy,Unhealthy,possible mastitis,Yashan Dhaliwal RAC Data 2025,"21 Feb 2025/Before Exercise/433/Video 2025-02-21, 8 45 57 AM.mov",240,0,0.9260673398772875,/content/drive/MyDrive/cow_face_sequences_10s_250/sequences/unhealthy/cow_433_unhealthy/sequence_0104_yashan_dhaliwal_rac_da_3cdcdf07,0.009146143682301044,0.5022865533828735,,,,,,,
105,438,Unhealthy,Unhealthy,possible metritis,Yashan Dhaliwal RAC Data 2025,"6 March 2025/During Exercise/438/Video 2025-03-06, 7 01 07 AM.mov",240,0,0.9386081740260124,/content/drive/MyDrive/cow_face_sequences_10s_250/sequences/unhealthy/cow_438_unhealthy/sequence_0105_yashan_dhaliwal_rac_da_f21fb047,-0.35529783368110657,0.41209834814071655,,,,,,,
106,426,Healthy,Healthy,healthy folder,Truro Cow Video Data,healthy cows before going out/Nov 10/426.mov,226,14,0.9181157437573492,/content/drive/MyDrive/cow_face_sequences_10s_250/sequences/healthy/cow_426_healthy/sequence_0106_truro_cow_video_data_e5e63a36,-0.25648853182792664,0.43622711300849915,,,,,,,
107,417,Unhealthy,Healthy,healthy,Yashan Dhaliwal RAC Data 2025,"20 Feb 2025/Before Exercise/417/Video 2025-02-20, 8 47 36 AM.mov",240,0,0.9251001996298631,/content/drive/MyDrive/cow_face_sequences_10s_250/sequences/unhealthy/cow_417_unhealthy/sequence_0107_yashan_dhaliwal_rac_da_494a02dc,-0.03544703498482704,0.49113917350769043,,,,,,,
108,427,Unhealthy,Unhealthy,lameness,Truro Cow Video Data,unhealthy cows after exercise/Sep 5/427- lameness.mov,240,0,0.9237723007798195,/content/drive/MyDrive/cow_face_sequences_10s_250/sequences/unhealthy/cow_427_unhealthy/sequence_0108_truro_cow_video_data_9785e399,-0.34838831424713135,0.4137732982635498,,,,,,,
109,378,Unhealthy,Healthy,healthy,Yashan Dhaliwal RAC Data 2025,"6 March 2025/During Exercise/378/Video 2025-03-06, 7 10 01 AM.mov",240,0,0.9053575110932192,/content/drive/MyDrive/cow_face_sequences_10s_250/sequences/unhealthy/cow_378_unhealthy/sequence_0109_yashan_dhaliwal_rac_da_44924641,-0.3096621632575989,0.4231971800327301,,,,,,,
110,425,Unhealthy,Unhealthy,lameness,Truro Cow Video Data,unhealthy cows before going out/Nov 10/425- lameness.mov,240,0,0.9359828511873881,/content/drive/MyDrive/cow_face_sequences_10s_250/sequences/unhealthy/cow_425_unhealthy/sequence_0110_truro_cow_video_data_91b57d2f,-0.5357524156570435,0.3691762387752533,,,,,,,
111,432,Healthy,Healthy,healthy folder,Truro Cow Video Data,healthy cows before going out/Sep 4/432.mov,240,0,0.9305532145003478,/content/drive/MyDrive/cow_face_sequences_10s_250/sequences/healthy/cow_432_healthy/sequence_0111_truro_cow_video_data_2efedcf6,-0.18317387998104095,0.45433416962623596,,,,,,,
112,404,Healthy,Healthy,healthy folder,Truro Cow Video Data,healthy cows after exercise/Sep 26/404.mov,240,0,0.894376415759325,/content/drive/MyDrive/cow_face_sequences_10s_250/sequences/healthy/cow_404_healthy/sequence_0112_truro_cow_video_data_9a6dfabf,-0.07269630581140518,0.48183390498161316,,,,,,,
113,349,Unhealthy,Unhealthy,sudden fall,Cow 349 - Unhealthy (sudden fall),"Video 2025-03-28, 2 39 08 PM.mov",240,0,0.8926929208139579,/content/drive/MyDrive/cow_face_sequences_10s_250/sequences/unhealthy/cow_349_unhealthy/sequence_0113_cow_349_unhealthy_sudd_a7874e8b,-0.38993242383003235,0.4037335515022278,,,,,,,
114,436,Healthy,Healthy,healthy,Yashan Dhaliwal RAC Data 2025,"6 March 2025/During Exercise/436/Video 2025-03-06, 7 15 03 AM.mov",234,6,0.8841857708926893,/content/drive/MyDrive/cow_face_sequences_10s_250/sequences/healthy/cow_436_healthy/sequence_0114_yashan_dhaliwal_rac_da_855723b6,-0.2388879507780075,0.4405604302883148,,,,,,,
115,439,Healthy,Healthy,healthy folder,Truro Cow Video Data,healthy cows before going out/Sep 5/439.mov,240,0,0.9337034339706103,/content/drive/MyDrive/cow_face_sequences_10s_250/sequences/healthy/cow_439_healthy/sequence_0115_truro_cow_video_data_d83db6cc,-0.301485151052475,0.42519447207450867,,,,,,,
116,370,Healthy,Healthy,healthy,Yashan Dhaliwal RAC Data 2025,"March 19 2025/During exercise/370/Video 2025-03-19, 7 25 11 AM.mov",240,0,0.9330222343405088,/content/drive/MyDrive/cow_face_sequences_10s_250/sequences/healthy/cow_370_healthy/sequence_0116_yashan_dhaliwal_rac_da_cb12b3b3,-0.017105532810091972,0.4957237243652344,,,,,,,
117,415,Unhealthy,Unhealthy,lameness,Truro Cow Video Data,unhealthy cows before going out/Sep 5/415 - lameness.mov,240,0,0.9325070497890313,/content/drive/MyDrive/cow_face_sequences_10s_250/sequences/unhealthy/cow_415_unhealthy/sequence_0117_truro_cow_video_data_dbca9e30,-0.18553930521011353,0.45374780893325806,,,,,,,
118,354,Unhealthy,Unhealthy,lame,Yashan Dhaliwal RAC Data 2025,"21 Feb 2025/During Exercise/354/Video 2025-02-21, 9 23 37 AM.mov",240,0,0.9070203676819801,/content/drive/MyDrive/cow_face_sequences_10s_250/sequences/unhealthy/cow_354_unhealthy/sequence_0118_yashan_dhaliwal_rac_da_dca03c44,-0.09622333943843842,0.47596266865730286,,,,,,,
119,255,Unhealthy,Unhealthy,lame,Yashan Dhaliwal RAC Data 2025,"6 March 2025/After Exercise/255/Video 2025-03-06, 7 36 58 AM.mov",240,0,0.9342030165096123,/content/drive/MyDrive/cow_face_sequences_10s_250/sequences/unhealthy/cow_255_unhealthy/sequence_0119_yashan_dhaliwal_rac_da_01540be6,-0.5457984209060669,0.36683976650238037,,,,,,,
120,405,Healthy,Healthy,healthy folder,Truro Cow Video Data,healthy cows after exercise/Sep 5/405.mov,240,0,0.9110773128767808,/content/drive/MyDrive/cow_face_sequences_10s_250/sequences/healthy/cow_405_healthy/sequence_0120_truro_cow_video_data_dfed242b,-0.46341535449028015,0.38617590069770813,,,,,,,
121,355,Healthy,Healthy,healthy folder,Truro Cow Video Data,healthy cows after exercise/Sep 4/355.mov,240,0,0.9202614963054657,/content/drive/MyDrive/cow_face_sequences_10s_250/sequences/healthy/cow_355_healthy/sequence_0121_truro_cow_video_data_d8661e98,-0.19392599165439606,0.4516698718070984,,,,,,,
122,408,Healthy,Healthy,healthy folder,Truro Cow Video Data,healthy cows after exercise/Sep 5/408.mov,240,0,0.9373151915768783,/content/drive/MyDrive/cow_face_sequences_10s_250/sequences/healthy/cow_408_healthy/sequence_0122_truro_cow_video_data_a755909c,-0.2017529457807541,0.4497321844100952,,,,,,,
123,394,Unhealthy,Unhealthy,lameness,Truro Cow Video Data,unhealthy cows after exercise/Nov 5/394-lameness.mov,240,0,0.9372839137911797,/content/drive/MyDrive/cow_face_sequences_10s_250/sequences/unhealthy/cow_394_unhealthy/sequence_0123_truro_cow_video_data_a6733e82,-0.39612483978271484,0.4022437334060669,,,,,,,
124,323,Unhealthy,Unhealthy,lameness,Truro Cow Video Data,unhealthy cows after exercise/Nov 5/323-lameness.mov,240,0,0.9248249081273874,/content/drive/MyDrive/cow_face_sequences_10s_250/sequences/unhealthy/cow_323_unhealthy/sequence_0124_truro_cow_video_data_1136fcc8,-0.39383336901664734,0.40279480814933777,,,,,,,
125,310,Unhealthy,Unhealthy,possible mastitis,Yashan Dhaliwal RAC Data 2025,"19 Feb 2025/During Exercise/310/Video 2025-02-19, 9 27 32 AM.mov",240,0,0.9321006392439206,/content/drive/MyDrive/cow_face_sequences_10s_250/sequences/unhealthy/cow_310_unhealthy/sequence_0125_yashan_dhaliwal_rac_da_de23f716,-0.11133038997650146,0.472196102142334,,,,,,,
126,406,Healthy,Healthy,healthy folder,Truro Cow Video Data,healthy cows after exercise/Sep 8/406.mov,240,0,0.9387013539671898,/content/drive/MyDrive/cow_face_sequences_10s_250/sequences/healthy/cow_406_healthy/sequence_0126_truro_cow_video_data_39a33f7c,-0.27370792627334595,0.43199703097343445,,,,,,,
127,387,Healthy,Healthy,healthy folder,Truro Cow Video Data,healthy cows after exercise/Sep 26/387.mov,240,0,0.8927430885533492,/content/drive/MyDrive/cow_face_sequences_10s_250/sequences/healthy/cow_387_healthy/sequence_0127_truro_cow_video_data_ac030c18,-0.21321679651737213,0.44689685106277466,,,,,,,
128,402,Healthy,Healthy,healthy folder,Truro Cow Video Data,healthy cows before going out/Sep 26/402.mov,240,0,0.9336460113525391,/content/drive/MyDrive/cow_face_sequences_10s_250/sequences/healthy/cow_402_healthy/sequence_0128_truro_cow_video_data_99a6b1b9,-0.2617653012275696,0.43492981791496277,,,,,,,
129,446,Unhealthy,Unhealthy,fresh cows,Truro Cow Video Data,unhealthy cows after exercise/Sep 8/446- fresh cows.mov,240,0,0.9242884775002798,/content/drive/MyDrive/cow_face_sequences_10s_250/sequences/unhealthy/cow_446_unhealthy/sequence_0129_truro_cow_video_data_d5a69c45,-0.6250455379486084,0.3486348092556,,,,,,,
130,403,Unhealthy,Unhealthy,lameness,Truro Cow Video Data,unhealthy cows after exercise/Oct 6/403-lameness.mov,240,0,0.92455093562603,/content/drive/MyDrive/cow_face_sequences_10s_250/sequences/unhealthy/cow_403_unhealthy/sequence_0130_truro_cow_video_data_a1a5b977,-0.40878599882125854,0.39920324087142944,,,,,,,
131,374,Healthy,Healthy,healthy folder,Truro Cow Video Data,healthy cows before going out/Nov 5/374.mov,240,0,0.9113782299061616,/content/drive/MyDrive/cow_face_sequences_10s_250/sequences/healthy/cow_374_healthy/sequence_0131_truro_cow_video_data_baae36d5,-0.10852217674255371,0.472896009683609,,,,,,,
132,421,Unhealthy,Unhealthy,lameness/stiffness,Yashan Dhaliwal RAC Data 2025,"7 March 2025/Before Exercise/421/Video 2025-03-07, 6 17 24 AM.mov",240,0,0.9428104480107625,/content/drive/MyDrive/cow_face_sequences_10s_250/sequences/unhealthy/cow_421_unhealthy/sequence_0132_yashan_dhaliwal_rac_da_3e0e0328,-0.2365930825471878,0.4411260783672333,,,,,,,
133,433,Unhealthy,Unhealthy,possible mastitis,Yashan Dhaliwal RAC Data 2025,"7 March 2025/After Exercise/433/Video 2025-03-07, 7 50 08 AM.mov",240,0,0.9389747234682242,/content/drive/MyDrive/cow_face_sequences_10s_250/sequences/unhealthy/cow_433_unhealthy/sequence_0133_yashan_dhaliwal_rac_da_028f30d9,-0.5529046654701233,0.3651907742023468,,,,,,,
134,438,Unhealthy,Unhealthy,possible metritis,Yashan Dhaliwal RAC Data 2025,"7 March 2025/After Exercise/438/Video 2025-03-07, 7 57 09 AM.mov",240,0,0.9332467970748742,/content/drive/MyDrive/cow_face_sequences_10s_250/sequences/unhealthy/cow_438_unhealthy/sequence_0134_yashan_dhaliwal_rac_da_eb819ad0,-0.0974198430776596,0.47566428780555725,,,,,,,
135,417,Unhealthy,Healthy,healthy,Yashan Dhaliwal RAC Data 2025,"21 Feb 2025/During Exercise/417/Video 2025-02-21, 9 21 06 AM.mov",202,38,0.786683981961543,/content/drive/MyDrive/cow_face_sequences_10s_250/sequences/unhealthy/cow_417_unhealthy/sequence_0135_yashan_dhaliwal_rac_da_42b466f4,-0.2601877450942993,0.4353175759315491,,,,,,,
136,427,Unhealthy,Unhealthy,lameness,Truro Cow Video Data,unhealthy cows before going out/Sep 4/427-lameness.mov,240,0,0.9374050877988338,/content/drive/MyDrive/cow_face_sequences_10s_250/sequences/unhealthy/cow_427_unhealthy/sequence_0136_truro_cow_video_data_cdbd489c,-0.509547770023346,0.3752995431423187,,,,,,,
137,378,Unhealthy,Healthy,healthy,Yashan Dhaliwal RAC Data 2025,"10 March 2025/During exercise/378/Video 2025-03-10, 7 01 58 AM.mov",240,0,0.9362057482202848,/content/drive/MyDrive/cow_face_sequences_10s_250/sequences/unhealthy/cow_378_unhealthy/sequence_0137_yashan_dhaliwal_rac_da_84c4b4fb,-0.6892930865287781,0.33419033885002136,,,,,,,
138,425,Unhealthy,Unhealthy,lameness,Truro Cow Video Data,unhealthy cows after exercise/Sep 26/425-lameness.mov,156,84,0.8682629133646305,/content/drive/MyDrive/cow_face_sequences_10s_250/sequences/unhealthy/cow_425_unhealthy/sequence_0138_truro_cow_video_data_9c728a41,-0.4478251039981842,0.38987797498703003,,,,,,,
139,432,Healthy,Healthy,healthy folder,Truro Cow Video Data,healthy cows after exercise/Sep 5/432.mov,240,0,0.9230889822045962,/content/drive/MyDrive/cow_face_sequences_10s_250/sequences/healthy/cow_432_healthy/sequence_0139_truro_cow_video_data_e885fb36,-0.4008486568927765,0.4011084735393524,,,,,,,
140,404,Healthy,Healthy,healthy folder,Truro Cow Video Data,healthy cows before going out/Nov 28/404.mov,240,0,0.9291095691422622,/content/drive/MyDrive/cow_face_sequences_10s_250/sequences/healthy/cow_404_healthy/sequence_0140_truro_cow_video_data_675a0891,-0.42612844705581665,0.3950512409210205,,,,,,,
141,436,Healthy,Healthy,healthy,Yashan Dhaliwal RAC Data 2025,"24 Feb 2025/After Exercise/436/Video 2025-02-24, 10 44 42 AM.mov",240,0,0.9282110606630644,/content/drive/MyDrive/cow_face_sequences_10s_250/sequences/healthy/cow_436_healthy/sequence_0141_yashan_dhaliwal_rac_da_362970b9,-0.3351752758026123,0.41698193550109863,,,,,,,
142,439,Healthy,Healthy,healthy folder,Truro Cow Video Data,healthy cows after exercise/Sep 8/439.mov,240,0,0.9272120421131452,/content/drive/MyDrive/cow_face_sequences_10s_250/sequences/healthy/cow_439_healthy/sequence_0142_truro_cow_video_data_4e83b3d6,-0.5612328052520752,0.36326226592063904,,,,,,,
143,370,Healthy,Healthy,healthy,Yashan Dhaliwal RAC Data 2025,"10 March 2025/After exercise/370/Video 2025-03-10, 7 43 41 AM.mov",240,0,0.9178075117369493,/content/drive/MyDrive/cow_face_sequences_10s_250/sequences/healthy/cow_370_healthy/sequence_0143_yashan_dhaliwal_rac_da_a64ce0e0,-0.2975749969482422,0.4261504113674164,,,,,,,
144,415,Unhealthy,Unhealthy,lameness,Truro Cow Video Data,unhealthy cows before going out/Sep 8/415 - lameness.mov,240,0,0.9235168501734734,/content/drive/MyDrive/cow_face_sequences_10s_250/sequences/unhealthy/cow_415_unhealthy/sequence_0144_truro_cow_video_data_93e2c849,0.015691526234149933,0.5039228200912476,,,,,,,
145,354,Unhealthy,Unhealthy,lame,Yashan Dhaliwal RAC Data 2025,"6 March 2025/Before Exercise/354/Video 2025-03-06, 6 35 48 AM.mov",240,0,0.9263859363893668,/content/drive/MyDrive/cow_face_sequences_10s_250/sequences/unhealthy/cow_354_unhealthy/sequence_0145_yashan_dhaliwal_rac_da_7a77b2d3,-0.4586351811885834,0.38730964064598083,,,,,,,
146,255,Unhealthy,Unhealthy,lame,Yashan Dhaliwal RAC Data 2025,"7 March 2025/Before Exercise/255/Video 2025-03-07, 6 15 14 AM.mov",240,0,0.9405695259571075,/content/drive/MyDrive/cow_face_sequences_10s_250/sequences/unhealthy/cow_255_unhealthy/sequence_0146_yashan_dhaliwal_rac_da_6d687ffa,-0.4974128305912018,0.3781488835811615,,,,,,,
147,405,Healthy,Healthy,healthy folder,Truro Cow Video Data,healthy cows before going out/Sep 5/405.mov,240,0,0.936050142844518,/content/drive/MyDrive/cow_face_sequences_10s_250/sequences/healthy/cow_405_healthy/sequence_0147_truro_cow_video_data_5d7184e7,-0.16374266147613525,0.45915552973747253,,,,,,,
148,355,Healthy,Healthy,healthy folder,Truro Cow Video Data,healthy cows after exercise/Sep 5/355.mov,240,0,0.9303450296322505,/content/drive/MyDrive/cow_face_sequences_10s_250/sequences/healthy/cow_355_healthy/sequence_0148_truro_cow_video_data_5624f69b,-0.5119886994361877,0.37472742795944214,,,,,,,
149,408,Healthy,Healthy,healthy folder,Truro Cow Video Data,healthy cows before going out/Sep 8/408.mov,240,0,0.8923432963589827,/content/drive/MyDrive/cow_face_sequences_10s_250/sequences/healthy/cow_408_healthy/sequence_0149_truro_cow_video_data_ba5621ea,0.1083206832408905,0.5270537734031677,,,,,,,
150,394,Unhealthy,Unhealthy,lameness,Truro Cow Video Data,unhealthy cows before going out/Nov 28/394-lameness.mov,240,0,0.9354369682570298,/content/drive/MyDrive/cow_face_sequences_10s_250/sequences/unhealthy/cow_394_unhealthy/sequence_0150_truro_cow_video_data_f44b7f24,-0.4283682703971863,0.39451608061790466,,,,,,,
151,323,Unhealthy,Unhealthy,lameness,Truro Cow Video Data,unhealthy cows before going out/Nov 5/323- lameness.mov,240,0,0.9309564903378487,/content/drive/MyDrive/cow_face_sequences_10s_250/sequences/unhealthy/cow_323_unhealthy/sequence_0151_truro_cow_video_data_461df14d,-0.3678539991378784,0.40905967354774475,,,,,,,
152,310,Unhealthy,Unhealthy,possible mastitis,Yashan Dhaliwal RAC Data 2025,"19 Feb 2025/After Exercise/310/Video 2025-02-19, 10 04 02 AM.mov",240,0,0.9345259490112464,/content/drive/MyDrive/cow_face_sequences_10s_250/sequences/unhealthy/cow_310_unhealthy/sequence_0152_yashan_dhaliwal_rac_da_9440ab23,-0.33089277148246765,0.41802340745925903,,,,,,,
153,406,Healthy,Healthy,healthy folder,Truro Cow Video Data,healthy cows before going out/Nov 28/406.mov,167,73,0.8631549852336952,/content/drive/MyDrive/cow_face_sequences_10s_250/sequences/healthy/cow_406_healthy/sequence_0153_truro_cow_video_data_59dd562d,-0.4575023055076599,0.38757848739624023,,,,,,,
154,387,Healthy,Healthy,healthy folder,Truro Cow Video Data,healthy cows before going out/Oct 6/387.mov,240,0,0.9176990941166878,/content/drive/MyDrive/cow_face_sequences_10s_250/sequences/healthy/cow_387_healthy/sequence_0154_truro_cow_video_data_c5feec99,-0.31307995319366455,0.42236313223838806,,,,,,,
155,402,Healthy,Healthy,healthy folder,Truro Cow Video Data,healthy cows after exercise/Nov 5/402.mov,240,0,0.9358728763957819,/content/drive/MyDrive/cow_face_sequences_10s_250/sequences/healthy/cow_402_healthy/sequence_0155_truro_cow_video_data_171de57e,-0.22452674806118011,0.444102942943573,,,,,,,
156,403,Unhealthy,Unhealthy,lameness,Truro Cow Video Data,unhealthy cows before going out/Oct 6/403-lameness.mov,240,0,0.92452088072896,/content/drive/MyDrive/cow_face_sequences_10s_250/sequences/unhealthy/cow_403_unhealthy/sequence_0156_truro_cow_video_data_49366104,-0.12381955981254578,0.46908459067344666,,,,,,,
157,374,Healthy,Healthy,healthy folder,Truro Cow Video Data,healthy cows before going out/Nov 28/374.mov,240,0,0.9330345896383127,/content/drive/MyDrive/cow_face_sequences_10s_250/sequences/healthy/cow_374_healthy/sequence_0157_truro_cow_video_data_a36d62e0,-0.3780193030834198,0.40660473704338074,,,,,,,
158,421,Unhealthy,Unhealthy,lameness/stiffness,Yashan Dhaliwal RAC Data 2025,"19 Feb 2025/During Exercise/421/Video 2025-02-19, 9 32 19 AM.mov",236,4,0.887193664150723,/content/drive/MyDrive/cow_face_sequences_10s_250/sequences/unhealthy/cow_421_unhealthy/sequence_0158_yashan_dhaliwal_rac_da_201bc6c7,0.01772124320268631,0.5044302344322205,,,,,,,
159,433,Unhealthy,Unhealthy,possible mastitis,Yashan Dhaliwal RAC Data 2025,"19 Feb 2025/Before Exercise/433/Video 2025-02-19, 8 48 28 AM.mov",240,0,0.9359229035675526,/content/drive/MyDrive/cow_face_sequences_10s_250/sequences/unhealthy/cow_433_unhealthy/sequence_0159_yashan_dhaliwal_rac_da_d5185d61,-0.22104670107364655,0.4449622333049774,,,,,,,
160,438,Unhealthy,Unhealthy,possible metritis,Yashan Dhaliwal RAC Data 2025,"March 24 2025/Before exercise/438/Video 2025-03-24, 7 04 54 AM.mov",240,0,0.9293987601995468,/content/drive/MyDrive/cow_face_sequences_10s_250/sequences/unhealthy/cow_438_unhealthy/sequence_0160_yashan_dhaliwal_rac_da_1759b073,-0.19261179864406586,0.4519954025745392,,,,,,,
161,417,Unhealthy,Healthy,healthy,Yashan Dhaliwal RAC Data 2025,"27 Feb 2025/Before Exercise/417/Video 2025-02-27, 2 40 36 PM.mov",240,0,0.9373460392157237,/content/drive/MyDrive/cow_face_sequences_10s_250/sequences/unhealthy/cow_417_unhealthy/sequence_0161_yashan_dhaliwal_rac_da_53834093,0.3546237349510193,0.5877383947372437,,,,,,,
162,427,Unhealthy,Unhealthy,lameness,Truro Cow Video Data,unhealthy cows before going out/Sep 5/427- lameness.mov,240,0,0.9439546080927054,/content/drive/MyDrive/cow_face_sequences_10s_250/sequences/unhealthy/cow_427_unhealthy/sequence_0162_truro_cow_video_data_bfc9ac29,0.21913880109786987,0.554566502571106,,,,,,,
163,378,Unhealthy,Healthy,healthy,Yashan Dhaliwal RAC Data 2025,"21 Feb 2025/After Exercise/378/Video 2025-02-21, 10 06 18 AM.mov",240,0,0.941632175942262,/content/drive/MyDrive/cow_face_sequences_10s_250/sequences/unhealthy/cow_378_unhealthy/sequence_0163_yashan_dhaliwal_rac_da_739c6076,-0.36447960138320923,0.40987563133239746,,,,,,,
164,425,Unhealthy,Unhealthy,lameness,Truro Cow Video Data,unhealthy cows after exercise/Nov 7/425-lameness.mov,240,0,0.9277856886386872,/content/drive/MyDrive/cow_face_sequences_10s_250/sequences/unhealthy/cow_425_unhealthy/sequence_0164_truro_cow_video_data_d07170b6,-0.6814820766448975,0.33593058586120605,,,,,,,
165,432,Healthy,Healthy,healthy folder,Truro Cow Video Data,healthy cows before going out/Sep 8/432.mov,240,0,0.9067770875990391,/content/drive/MyDrive/cow_face_sequences_10s_250/sequences/healthy/cow_432_healthy/sequence_0165_truro_cow_video_data_5e0b1e91,0.03691865876317024,0.5092286467552185,,,,,,,
166,404,Healthy,Healthy,healthy folder,Truro Cow Video Data,healthy cows before going out/Oct 29/404.mov,232,8,0.8946370169006544,/content/drive/MyDrive/cow_face_sequences_10s_250/sequences/healthy/cow_404_healthy/sequence_0166_truro_cow_video_data_a595ba42,-0.23158065974712372,0.4423621892929077,,,,,,,
167,436,Healthy,Healthy,healthy,Yashan Dhaliwal RAC Data 2025,"17 March 2025/After exercise/436/Video 2025-03-17, 8 53 16 AM.mov",240,0,0.9435709595680237,/content/drive/MyDrive/cow_face_sequences_10s_250/sequences/healthy/cow_436_healthy/sequence_0167_yashan_dhaliwal_rac_da_ebfeab7e,-0.14473001658916473,0.4638805389404297,,,,,,,
168,439,Healthy,Healthy,healthy folder,Truro Cow Video Data,healthy cows after exercise/Sep 4/439.mov,239,1,0.9092682642417972,/content/drive/MyDrive/cow_face_sequences_10s_250/sequences/healthy/cow_439_healthy/sequence_0168_truro_cow_video_data_019b7803,-0.34673184156417847,0.4141751825809479,,,,,,,
169,370,Healthy,Healthy,healthy,Yashan Dhaliwal RAC Data 2025,"7 March 2025/During Exercise/370/Video 2025-03-07, 7 05 16 AM.mov",240,0,0.9326459353168806,/content/drive/MyDrive/cow_face_sequences_10s_250/sequences/healthy/cow_370_healthy/sequence_0169_yashan_dhaliwal_rac_da_a62e56cf,0.018664062023162842,0.5046659111976624,,,,,,,
170,415,Unhealthy,Unhealthy,lameness,Truro Cow Video Data,unhealthy cows before going out/Sep 4/415 - lameness.mov,240,0,0.9283979954818885,/content/drive/MyDrive/cow_face_sequences_10s_250/sequences/unhealthy/cow_415_unhealthy/sequence_0170_truro_cow_video_data_83ec696d,-0.03658817708492279,0.4908539652824402,,,,,,,
171,354,Unhealthy,Unhealthy,lame,Yashan Dhaliwal RAC Data 2025,"27 Feb 2025/After Exercise/354/Video 2025-02-27, 3 46 49 PM.mov",240,0,0.9188152636090915,/content/drive/MyDrive/cow_face_sequences_10s_250/sequences/unhealthy/cow_354_unhealthy/sequence_0171_yashan_dhaliwal_rac_da_da39c107,0.027584917843341827,0.5068957805633545,,,,,,,
172,255,Unhealthy,Unhealthy,lame,Yashan Dhaliwal RAC Data 2025,"24 Feb 2025/After Exercise/255/Video 2025-02-24, 10 23 45 AM.mov",240,0,0.9304577060043812,/content/drive/MyDrive/cow_face_sequences_10s_250/sequences/unhealthy/cow_255_unhealthy/sequence_0172_yashan_dhaliwal_rac_da_89491be1,-0.3174625635147095,0.42129430174827576,,,,,,,
173,355,Healthy,Healthy,healthy folder,Truro Cow Video Data,healthy cows after exercise/Sep 8/355.mov,224,16,0.871411166020802,/content/drive/MyDrive/cow_face_sequences_10s_250/sequences/healthy/cow_355_healthy/sequence_0173_truro_cow_video_data_1d5a50de,-0.3340015411376953,0.4172672927379608,,,,,,,
174,408,Healthy,Healthy,healthy folder,Truro Cow Video Data,healthy cows after exercise/Sep 8/408.mov,240,0,0.8861744739115238,/content/drive/MyDrive/cow_face_sequences_10s_250/sequences/healthy/cow_408_healthy/sequence_0174_truro_cow_video_data_55c65dec,-0.18100684881210327,0.45487144589424133,,,,,,,
175,394,Unhealthy,Unhealthy,lameness,Truro Cow Video Data,unhealthy cows after exercise/Oct 1/394-lameness.mov,206,34,0.9018281926807848,/content/drive/MyDrive/cow_face_sequences_10s_250/sequences/unhealthy/cow_394_unhealthy/sequence_0175_truro_cow_video_data_66a2da55,0.032267969101667404,0.5080662965774536,,,,,,,
176,323,Unhealthy,Unhealthy,lameness,Truro Cow Video Data,unhealthy cows after exercise/Nov 10/323-lameness.mov,240,0,0.895742766559124,/content/drive/MyDrive/cow_face_sequences_10s_250/sequences/unhealthy/cow_323_unhealthy/sequence_0176_truro_cow_video_data_d709ff18,-0.01777929998934269,0.4955552816390991,,,,,,,
177,310,Unhealthy,Unhealthy,possible mastitis,Yashan Dhaliwal RAC Data 2025,"March 19 2025/After exercise/310/Video 2025-03-19, 8 02 23 AM.mov",240,0,0.9346940619250138,/content/drive/MyDrive/cow_face_sequences_10s_250/sequences/unhealthy/cow_310_unhealthy/sequence_0177_yashan_dhaliwal_rac_da_76da5c9c,-0.3044005334377289,0.4244820773601532,,,,,,,
178,406,Healthy,Healthy,healthy folder,Truro Cow Video Data,healthy cows before going out/Sep 5/406.mov,240,0,0.9335280261933804,/content/drive/MyDrive/cow_face_sequences_10s_250/sequences/healthy/cow_406_healthy/sequence_0178_truro_cow_video_data_8dc39cdb,-0.33248427510261536,0.41763627529144287,,,,,,,
179,387,Healthy,Healthy,healthy folder,Truro Cow Video Data,healthy cows after exercise/Oct 6/387.mov,240,0,0.9339507547517617,/content/drive/MyDrive/cow_face_sequences_10s_250/sequences/healthy/cow_387_healthy/sequence_0179_truro_cow_video_data_80fe4ac1,-0.3251969516277313,0.41940975189208984,,,,,,,
180,402,Healthy,Healthy,healthy folder,Truro Cow Video Data,healthy cows before going out/Oct 1/402.mov,240,0,0.9178536708156267,/content/drive/MyDrive/cow_face_sequences_10s_250/sequences/healthy/cow_402_healthy/sequence_0180_truro_cow_video_data_e1f24bbb,-0.021527959033846855,0.4946182072162628,,,,,,,
181,403,Unhealthy,Unhealthy,lameness,Truro Cow Video Data,unhealthy cows before going out/Sep 4/403-lameness.mov,240,0,0.9210949701567491,/content/drive/MyDrive/cow_face_sequences_10s_250/sequences/unhealthy/cow_403_unhealthy/sequence_0181_truro_cow_video_data_0c9b5768,-0.42156627774238586,0.39614200592041016,,,,,,,
182,374,Healthy,Healthy,healthy folder,Truro Cow Video Data,healthy cows after exercise/Nov 10/374.mov,235,5,0.8498713445156179,/content/drive/MyDrive/cow_face_sequences_10s_250/sequences/healthy/cow_374_healthy/sequence_0182_truro_cow_video_data_54927335,-0.24164825677871704,0.43988022208213806,,,,,,,
183,421,Unhealthy,Unhealthy,lameness/stiffness,Yashan Dhaliwal RAC Data 2025,"20 Feb 2025/Before Exercise/421/Video 2025-02-20, 8 37 01 AM.mov",240,0,0.9422114344934622,/content/drive/MyDrive/cow_face_sequences_10s_250/sequences/unhealthy/cow_421_unhealthy/sequence_0183_yashan_dhaliwal_rac_da_81ffc2a1,-0.16154053807258606,0.4597024619579315,,,,,,,
184,433,Unhealthy,Unhealthy,possible mastitis,Yashan Dhaliwal RAC Data 2025,"March 19 2025/During exercise/433/Video 2025-03-19, 7 37 49 AM.mov",240,0,0.9192602768540382,/content/drive/MyDrive/cow_face_sequences_10s_250/sequences/unhealthy/cow_433_unhealthy/sequence_0184_yashan_dhaliwal_rac_da_4440f5c6,-0.09583664685487747,0.4760591685771942,,,,,,,
185,438,Unhealthy,Unhealthy,possible metritis,Yashan Dhaliwal RAC Data 2025,"March 24 2025/During exercise/438/Video 2025-03-24, 7 29 33 AM.mov",240,0,0.9302744997044404,/content/drive/MyDrive/cow_face_sequences_10s_250/sequences/unhealthy/cow_438_unhealthy/sequence_0185_yashan_dhaliwal_rac_da_945df0c6,0.11127354204654694,0.5277897715568542,,,,,,,
186,417,Unhealthy,Healthy,healthy,Yashan Dhaliwal RAC Data 2025,"6 March 2025/After Exercise/417/Video 2025-03-06, 7 46 03 AM.mov",240,0,0.9421360053122043,/content/drive/MyDrive/cow_face_sequences_10s_250/sequences/unhealthy/cow_417_unhealthy/sequence_0186_yashan_dhaliwal_rac_da_02b610d9,-0.0015705195255577564,0.4996073842048645,,,,,,,
187,378,Unhealthy,Healthy,healthy,Yashan Dhaliwal RAC Data 2025,"24 Feb 2025/After Exercise/378/Video 2025-02-24, 10 28 03 AM.mov",240,0,0.9413431753714879,/content/drive/MyDrive/cow_face_sequences_10s_250/sequences/unhealthy/cow_378_unhealthy/sequence_0187_yashan_dhaliwal_rac_da_f015de9e,-0.24421818554401398,0.43924713134765625,,,,,,,
188,425,Unhealthy,Unhealthy,lameness,Truro Cow Video Data,unhealthy cows before going out/Sep 5/425-lameness.mov,240,0,0.8864598405857881,/content/drive/MyDrive/cow_face_sequences_10s_250/sequences/unhealthy/cow_425_unhealthy/sequence_0188_truro_cow_video_data_ba696ef5,-0.6779989004135132,0.33670806884765625,,,,,,,
189,404,Healthy,Healthy,healthy folder,Truro Cow Video Data,healthy cows before going out/Oct 6/404.mov,240,0,0.8759177818894386,/content/drive/MyDrive/cow_face_sequences_10s_250/sequences/healthy/cow_404_healthy/sequence_0189_truro_cow_video_data_75f13079,-0.0634041279554367,0.48415428400039673,,,,,,,
190,436,Healthy,Healthy,healthy,Yashan Dhaliwal RAC Data 2025,"7 March 2025/During Exercise/436/Video 2025-03-07, 7 14 06 AM.mov",240,0,0.9037060412267844,/content/drive/MyDrive/cow_face_sequences_10s_250/sequences/healthy/cow_436_healthy/sequence_0190_yashan_dhaliwal_rac_da_47b1891d,-0.27362409234046936,0.43201756477355957,,,,,,,
191,370,Healthy,Healthy,healthy,Yashan Dhaliwal RAC Data 2025,"28 Feb 2025/After Exercise/370/Video 2025-02-28, 9 45 01 AM.mov",240,0,0.9388760546843211,/content/drive/MyDrive/cow_face_sequences_10s_250/sequences/healthy/cow_370_healthy/sequence_0191_yashan_dhaliwal_rac_da_8272ccbf,-0.5163528919219971,0.3737054467201233,,,,,,,
192,354,Unhealthy,Unhealthy,lame,Yashan Dhaliwal RAC Data 2025,"10 March 2025/Before exercise/354/Video 2025-03-10, 6 46 55 AM.mov",240,0,0.936105857292811,/content/drive/MyDrive/cow_face_sequences_10s_250/sequences/unhealthy/cow_354_unhealthy/sequence_0192_yashan_dhaliwal_rac_da_ba95901c,-0.24999822676181793,0.43782392144203186,,,,,,,
193,255,Unhealthy,Unhealthy,lame,Yashan Dhaliwal RAC Data 2025,"6 March 2025/During Exercise/255/Video 2025-03-06, 6 50 27 AM.mov",240,0,0.9254020775357882,/content/drive/MyDrive/cow_face_sequences_10s_250/sequences/unhealthy/cow_255_unhealthy/sequence_0193_yashan_dhaliwal_rac_da_e53329a2,0.36767399311065674,0.5908967852592468,,,,,,,
194,394,Unhealthy,Unhealthy,lameness,Truro Cow Video Data,unhealthy cows before going out/Oct 6/394-lameness.mov,240,0,0.9326468085249265,/content/drive/MyDrive/cow_face_sequences_10s_250/sequences/unhealthy/cow_394_unhealthy/sequence_0194_truro_cow_video_data_13530c56,-0.25217390060424805,0.4372885227203369,,,,,,,
195,323,Unhealthy,Unhealthy,lameness,Truro Cow Video Data,unhealthy cows before going out/Nov 28/323-lameness.mov,240,0,0.9364967639247577,/content/drive/MyDrive/cow_face_sequences_10s_250/sequences/unhealthy/cow_323_unhealthy/sequence_0195_truro_cow_video_data_8fc58fb4,-0.64530348777771,0.3440486490726471,,,,,,,
196,310,Unhealthy,Unhealthy,possible mastitis,Yashan Dhaliwal RAC Data 2025,"6 March 2025/After Exercise/310/Video 2025-03-06, 7 50 46 AM.mov",240,0,0.9333293343583743,/content/drive/MyDrive/cow_face_sequences_10s_250/sequences/unhealthy/cow_310_unhealthy/sequence_0196_yashan_dhaliwal_rac_da_48210470,-0.26648756861686707,0.4337696135044098,,,,,,,
197,406,Healthy,Healthy,healthy folder,Truro Cow Video Data,healthy cows before going out/Sep 4/406.mov,240,0,0.8745156760017078,/content/drive/MyDrive/cow_face_sequences_10s_250/sequences/healthy/cow_406_healthy/sequence_0197_truro_cow_video_data_9abd5ee6,-0.3479125201702118,0.41388875246047974,,,,,,,
198,387,Healthy,Healthy,healthy folder,Truro Cow Video Data,healthy cows after exercise/Oct 1/387.mov,240,0,0.9315506761272748,/content/drive/MyDrive/cow_face_sequences_10s_250/sequences/healthy/cow_387_healthy/sequence_0198_truro_cow_video_data_09caa231,-0.16292589902877808,0.4593583941459656,,,,,,,
199,402,Healthy,Healthy,healthy folder,Truro Cow Video Data,healthy cows before going out/Nov 5/402.mov,240,0,0.925056728720665,/content/drive/MyDrive/cow_face_sequences_10s_250/sequences/healthy/cow_402_healthy/sequence_0199_truro_cow_video_data_66509939,-0.23075535893440247,0.44256579875946045,,,,,,,
200,403,Unhealthy,Unhealthy,lameness,Truro Cow Video Data,unhealthy cows after exercise/Oct 1/403-lameness.mov,240,0,0.9307845843334993,/content/drive/MyDrive/cow_face_sequences_10s_250/sequences/unhealthy/cow_403_unhealthy/sequence_0200_truro_cow_video_data_13174065,-0.05666535347700119,0.4858374297618866,,,,,,,
201,374,Healthy,Healthy,healthy folder,Truro Cow Video Data,healthy cows after exercise/Oct 29/374.mov,240,0,0.9323522162934145,/content/drive/MyDrive/cow_face_sequences_10s_250/sequences/healthy/cow_374_healthy/sequence_0201_truro_cow_video_data_984f3b86,-0.19820700585842133,0.45060980319976807,,,,,,,
202,421,Unhealthy,Unhealthy,lameness/stiffness,Yashan Dhaliwal RAC Data 2025,"10 March 2025/After exercise/421/Video 2025-03-10, 7 20 34 AM.mov",240,0,0.9284285046160221,/content/drive/MyDrive/cow_face_sequences_10s_250/sequences/unhealthy/cow_421_unhealthy/sequence_0202_yashan_dhaliwal_rac_da_d0b6b00a,-0.23438771069049835,0.44166988134384155,,,,,,,
203,433,Unhealthy,Unhealthy,possible mastitis,Yashan Dhaliwal RAC Data 2025,"19 Feb 2025/During Exercise/433/Video 2025-02-19, 9 20 37 AM.mov",240,0,0.9084170666833719,/content/drive/MyDrive/cow_face_sequences_10s_250/sequences/unhealthy/cow_433_unhealthy/sequence_0203_yashan_dhaliwal_rac_da_7f1def1e,-0.4146576225757599,0.39779582619667053,,,,,,,
204,438,Unhealthy,Unhealthy,possible metritis,Yashan Dhaliwal RAC Data 2025,"7 March 2025/Before Exercise/438/Video 2025-03-07, 6 25 22 AM.mov",240,0,0.9214619271457195,/content/drive/MyDrive/cow_face_sequences_10s_250/sequences/unhealthy/cow_438_unhealthy/sequence_0204_yashan_dhaliwal_rac_da_682118dd,-0.2708444893360138,0.4326997399330139,,,,,,,
205,417,Unhealthy,Healthy,healthy,Yashan Dhaliwal RAC Data 2025,"20 Feb 2025/After Exercise/417/Video 2025-02-20, 9 53 18 AM.mov",240,0,0.8949444778263569,/content/drive/MyDrive/cow_face_sequences_10s_250/sequences/unhealthy/cow_417_unhealthy/sequence_0205_yashan_dhaliwal_rac_da_9a9e46c6,0.1481679230928421,0.5369743704795837,,,,,,,
206,378,Unhealthy,Healthy,healthy,Yashan Dhaliwal RAC Data 2025,"March 24 2025/After exercise/378/Video 2025-03-24, 7 55 45 AM.mov",240,0,0.9133493587374687,/content/drive/MyDrive/cow_face_sequences_10s_250/sequences/unhealthy/cow_378_unhealthy/sequence_0206_yashan_dhaliwal_rac_da_90746188,-0.18156500160694122,0.4547330439090729,,,,,,,
207,425,Unhealthy,Unhealthy,lameness,Truro Cow Video Data,unhealthy cows before going out/Sep 29/425-lameness.mov,222,18,0.8695922099255227,/content/drive/MyDrive/cow_face_sequences_10s_250/sequences/unhealthy/cow_425_unhealthy/sequence_0207_truro_cow_video_data_16d7046f,-0.2518994212150574,0.43735605478286743,,,,,,,
208,404,Healthy,Healthy,healthy folder,Truro Cow Video Data,healthy cows before going out/Nov 7/404.mov,240,0,0.9399790274600188,/content/drive/MyDrive/cow_face_sequences_10s_250/sequences/healthy/cow_404_healthy/sequence_0208_truro_cow_video_data_8caa975b,-0.6975319385528564,0.33235964179039,,,,,,,
209,436,Healthy,Healthy,healthy,Yashan Dhaliwal RAC Data 2025,"17 March 2025/During Exercise/436/Video 2025-03-17, 8 24 39 AM.mov",240,0,0.9008327104151249,/content/drive/MyDrive/cow_face_sequences_10s_250/sequences/healthy/cow_436_healthy/sequence_0209_yashan_dhaliwal_rac_da_fbeac1d6,-0.48331546783447266,0.3814695179462433,,,,,,,
210,370,Healthy,Healthy,healthy,Yashan Dhaliwal RAC Data 2025,"10 March 2025/During exercise/370/Video 2025-03-10, 7 00 12 AM.mov",240,0,0.9229916309316953,/content/drive/MyDrive/cow_face_sequences_10s_250/sequences/healthy/cow_370_healthy/sequence_0210_yashan_dhaliwal_rac_da_0fbb5af7,-0.5533640384674072,0.36508429050445557,,,,,,,
211,354,Unhealthy,Unhealthy,lame,Yashan Dhaliwal RAC Data 2025,"10 March 2025/After exercise/354/Video 2025-03-10, 7 39 22 AM.mov",240,0,0.9356954174737135,/content/drive/MyDrive/cow_face_sequences_10s_250/sequences/unhealthy/cow_354_unhealthy/sequence_0211_yashan_dhaliwal_rac_da_14cb14fa,-0.5341677665710449,0.3695453703403473,,,,,,,
212,255,Unhealthy,Unhealthy,lame,Yashan Dhaliwal RAC Data 2025,"27 Feb 2025/During Exercise/255/Video 2025-02-27, 3 06 39 PM.mov",240,0,0.9000558401147525,/content/drive/MyDrive/cow_face_sequences_10s_250/sequences/unhealthy/cow_255_unhealthy/sequence_0212_yashan_dhaliwal_rac_da_ec2e8a6e,-0.36778539419174194,0.4090762734413147,,,,,,,
213,394,Unhealthy,Unhealthy,lameness,Truro Cow Video Data,unhealthy cows before going out/oct 29/394-lameness.mov,235,5,0.9111202278035753,/content/drive/MyDrive/cow_face_sequences_10s_250/sequences/unhealthy/cow_394_unhealthy/sequence_0213_truro_cow_video_data_cd663576,-0.515022337436676,0.3740168809890747,,,,,,,
214,310,Unhealthy,Unhealthy,possible mastitis,Yashan Dhaliwal RAC Data 2025,"17 March 2025/After exercise/310/Video 2025-03-17, 8 49 13 AM.mov",240,0,0.9345425792038441,/content/drive/MyDrive/cow_face_sequences_10s_250/sequences/unhealthy/cow_310_unhealthy/sequence_0214_yashan_dhaliwal_rac_da_22f06607,0.07312694936990738,0.5182735919952393,,,,,,,
215,387,Healthy,Healthy,healthy folder,Truro Cow Video Data,healthy cows before going out/Sep 25/387.mov,240,0,0.9328289069235325,/content/drive/MyDrive/cow_face_sequences_10s_250/sequences/healthy/cow_387_healthy/sequence_0215_truro_cow_video_data_d4d4503f,-0.21418458223342896,0.44665756821632385,,,,,,,
216,402,Healthy,Healthy,healthy folder,Truro Cow Video Data,healthy cows before going out/Nov 7/402.mov,240,0,0.9178457371890545,/content/drive/MyDrive/cow_face_sequences_10s_250/sequences/healthy/cow_402_healthy/sequence_0216_truro_cow_video_data_e68b8fc5,-0.39444077014923096,0.4026487171649933,,,,,,,
217,403,Unhealthy,Unhealthy,lameness,Truro Cow Video Data,unhealthy cows after exercise/Sep 8/403- lameness.mov,155,85,0.8546767715484865,/content/drive/MyDrive/cow_face_sequences_10s_250/sequences/unhealthy/cow_403_unhealthy/sequence_0217_truro_cow_video_data_e85fb817,-0.1594780683517456,0.460214763879776,,,,,,,
218,374,Healthy,Healthy,healthy folder,Truro Cow Video Data,healthy cows after exercise/Nov 5/374.mov,234,6,0.8959838995057293,/content/drive/MyDrive/cow_face_sequences_10s_250/sequences/healthy/cow_374_healthy/sequence_0218_truro_cow_video_data_a10df890,-0.27003225684165955,0.43289920687675476,,,,,,,
219,421,Unhealthy,Unhealthy,lameness/stiffness,Yashan Dhaliwal RAC Data 2025,"26 March 2025/After exercise/421/Video 2025-03-26, 8 29 55 AM.mov",240,0,0.8558583483099937,/content/drive/MyDrive/cow_face_sequences_10s_250/sequences/unhealthy/cow_421_unhealthy/sequence_0219_yashan_dhaliwal_rac_da_cfe3e16e,-0.24170204997062683,0.43986696004867554,,,,,,,
220,433,Unhealthy,Unhealthy,possible mastitis,Yashan Dhaliwal RAC Data 2025,"20 Feb 2025/After Exercise/433/Video 2025-02-20, 9 48 55 AM.mov",240,0,0.8899568190177282,/content/drive/MyDrive/cow_face_sequences_10s_250/sequences/unhealthy/cow_433_unhealthy/sequence_0220_yashan_dhaliwal_rac_da_1a403f33,-0.28431400656700134,0.4293964207172394,,,,,,,
221,438,Unhealthy,Unhealthy,possible metritis,Yashan Dhaliwal RAC Data 2025,"19 Feb 2025/After Exercise/438/Video 2025-02-19, 10 00 34 AM.mov",240,0,0.8976600249608357,/content/drive/MyDrive/cow_face_sequences_10s_250/sequences/unhealthy/cow_438_unhealthy/sequence_0221_yashan_dhaliwal_rac_da_59c79b4a,0.03491535410284996,0.5087279081344604,,,,,,,
222,417,Unhealthy,Healthy,healthy,Yashan Dhaliwal RAC Data 2025,"24 Feb 2025/Before Exercise/417/Video 2025-02-24, 8 52 11 AM.mov",240,0,0.9256576471030712,/content/drive/MyDrive/cow_face_sequences_10s_250/sequences/unhealthy/cow_417_unhealthy/sequence_0222_yashan_dhaliwal_rac_da_9ded191f,-0.0028534349985420704,0.4992866516113281,,,,,,,
223,378,Unhealthy,Healthy,healthy,Yashan Dhaliwal RAC Data 2025,"19 Feb 2025/After Exercise/378/Video 2025-02-19, 9 46 39 AM.mov",240,0,0.9310373286406199,/content/drive/MyDrive/cow_face_sequences_10s_250/sequences/unhealthy/cow_378_unhealthy/sequence_0223_yashan_dhaliwal_rac_da_6477ea83,-0.43305444717407227,0.39339718222618103,,,,,,,
224,425,Unhealthy,Unhealthy,lameness,Truro Cow Video Data,unhealthy cows before going out/Nov 5/425- lameness.mov,228,12,0.9097434060092557,/content/drive/MyDrive/cow_face_sequences_10s_250/sequences/unhealthy/cow_425_unhealthy/sequence_0224_truro_cow_video_data_840e2d41,-0.4722942113876343,0.3840733766555786,,,,,,,
225,404,Healthy,Healthy,healthy folder,Truro Cow Video Data,healthy cows before going out/Sep 29/404.mov,240,0,0.9457743840912978,/content/drive/MyDrive/cow_face_sequences_10s_250/sequences/healthy/cow_404_healthy/sequence_0225_truro_cow_video_data_359087ee,-0.46318885684013367,0.38622960448265076,,,,,,,
226,436,Healthy,Healthy,healthy,Yashan Dhaliwal RAC Data 2025,"27 Feb 2025/During Exercise/436/Video 2025-02-27, 3 11 14 PM.mov",238,2,0.852426141500473,/content/drive/MyDrive/cow_face_sequences_10s_250/sequences/healthy/cow_436_healthy/sequence_0226_yashan_dhaliwal_rac_da_fb740205,-0.3339075446128845,0.4172901511192322,,,,,,,
227,370,Healthy,Healthy,healthy,Yashan Dhaliwal RAC Data 2025,"12 March 2025/After exercise/370/Video 2025-03-12, 8 04 58 AM.mov",240,0,0.9282731565336386,/content/drive/MyDrive/cow_face_sequences_10s_250/sequences/healthy/cow_370_healthy/sequence_0227_yashan_dhaliwal_rac_da_7cfa1557,-0.4290211796760559,0.3943600654602051,,,,,,,
228,354,Unhealthy,Unhealthy,lame,Yashan Dhaliwal RAC Data 2025,"27 Feb 2025/Before Exercise/354/Video 2025-02-27, 2 49 57 PM.mov",240,0,0.9311288975179195,/content/drive/MyDrive/cow_face_sequences_10s_250/sequences/unhealthy/cow_354_unhealthy/sequence_0228_yashan_dhaliwal_rac_da_2851f7cf,-0.21616849303245544,0.44616732001304626,,,,,,,
229,255,Unhealthy,Unhealthy,lame,Yashan Dhaliwal RAC Data 2025,"26 March 2025/255/Video 2025-03-26, 8 36 20 AM.mov",240,0,0.9301489410301049,/content/drive/MyDrive/cow_face_sequences_10s_250/sequences/unhealthy/cow_255_unhealthy/sequence_0229_yashan_dhaliwal_rac_da_87bcda96,-0.472711980342865,0.3839745819568634,,,,,,,
230,394,Unhealthy,Unhealthy,lameness,Truro Cow Video Data,unhealthy cows after exercise/Sep 29/394-lameness.mov,240,0,0.9172777165969213,/content/drive/MyDrive/cow_face_sequences_10s_250/sequences/unhealthy/cow_394_unhealthy/sequence_0230_truro_cow_video_data_5ddf3b91,0.08819466829299927,0.5220344066619873,,,,,,,
231,310,Unhealthy,Unhealthy,possible mastitis,Yashan Dhaliwal RAC Data 2025,"March 19 2025/During exercise/310/Video 2025-03-19, 7 28 29 AM.mov",240,0,0.9384731647868951,/content/drive/MyDrive/cow_face_sequences_10s_250/sequences/unhealthy/cow_310_unhealthy/sequence_0231_yashan_dhaliwal_rac_da_f5f19c5b,0.2329561710357666,0.5579770803451538,,,,,,,
232,402,Healthy,Healthy,healthy folder,Truro Cow Video Data,healthy cows before going out/Sep 25/402.mov,240,0,0.9409855763117473,/content/drive/MyDrive/cow_face_sequences_10s_250/sequences/healthy/cow_402_healthy/sequence_0232_truro_cow_video_data_109b81c4,0.2702368199825287,0.5671510696411133,,,,,,,
233,403,Unhealthy,Unhealthy,lameness,Truro Cow Video Data,unhealthy cows after exercise/Sep 4/403- lameness.mov,233,7,0.8052203652684781,/content/drive/MyDrive/cow_face_sequences_10s_250/sequences/unhealthy/cow_403_unhealthy/sequence_0233_truro_cow_video_data_9fb7f74a,0.16644711792469025,0.5415160059928894,,,,,,,
234,374,Healthy,Healthy,healthy folder,Truro Cow Video Data,healthy cows after exercise/Nov 28/374.mov,240,0,0.9422747530043125,/content/drive/MyDrive/cow_face_sequences_10s_250/sequences/healthy/cow_374_healthy/sequence_0234_truro_cow_video_data_7ad9dda5,-0.33041056990623474,0.4181407392024994,,,,,,,
235,421,Unhealthy,Unhealthy,lameness/stiffness,Yashan Dhaliwal RAC Data 2025,"6 March 2025/After Exercise/421/Video 2025-03-06, 7 41 38 AM.mov",240,0,0.9421610308190187,/content/drive/MyDrive/cow_face_sequences_10s_250/sequences/unhealthy/cow_421_unhealthy/sequence_0235_yashan_dhaliwal_rac_da_423b80e5,-0.12739582359790802,0.46819403767585754,,,,,,,
236,433,Unhealthy,Unhealthy,possible mastitis,Yashan Dhaliwal RAC Data 2025,"24 Feb 2025/After Exercise/433/Video 2025-02-24, 10 37 28 AM.mov",240,0,0.9406838089227676,/content/drive/MyDrive/cow_face_sequences_10s_250/sequences/unhealthy/cow_433_unhealthy/sequence_0236_yashan_dhaliwal_rac_da_f4d3d50f,-0.15897458791732788,0.46033984422683716,,,,,,,
237,438,Unhealthy,Unhealthy,possible metritis,Yashan Dhaliwal RAC Data 2025,"27 Feb 2025/Before Exercise/438/Video 2025-02-27, 2 42 51 PM.mov",240,0,0.9318277048567931,/content/drive/MyDrive/cow_face_sequences_10s_250/sequences/unhealthy/cow_438_unhealthy/sequence_0237_yashan_dhaliwal_rac_da_3e0c90ce,0.02727840095758438,0.5068191289901733,,,,,,,
238,417,Unhealthy,Unhealthy,fresh cows,Truro Cow Video Data,unhealthy cows after exercise/Sep 4/417- fresh cows .mov,240,0,0.932065366456906,/content/drive/MyDrive/cow_face_sequences_10s_250/sequences/unhealthy/cow_417_unhealthy/sequence_0238_truro_cow_video_data_72db4f43,-0.2554566562175751,0.43648087978363037,,,,,,,
239,378,Unhealthy,Healthy,healthy,Yashan Dhaliwal RAC Data 2025,"March 19 2025/Before Exercise/378/Video 2025-03-19, 7 05 02 AM.mov",240,0,0.9228876727322738,/content/drive/MyDrive/cow_face_sequences_10s_250/sequences/unhealthy/cow_378_unhealthy/sequence_0239_yashan_dhaliwal_rac_da_a71a7ccc,-0.715071439743042,0.32847917079925537,,,,,,,
240,425,Unhealthy,Unhealthy,lameness,Truro Cow Video Data,unhealthy cows after exercise/Sep 29/425-lameness.mov,240,0,0.9116174807151158,/content/drive/MyDrive/cow_face_sequences_10s_250/sequences/unhealthy/cow_425_unhealthy/sequence_0240_truro_cow_video_data_62ab1d32,0.3375380337238312,0.5835923552513123,,,,,,,
241,404,Healthy,Healthy,healthy folder,Truro Cow Video Data,healthy cows after exercise/Oct 29/404.mov,240,0,0.9343032829463482,/content/drive/MyDrive/cow_face_sequences_10s_250/sequences/healthy/cow_404_healthy/sequence_0241_truro_cow_video_data_4be9cd3e,-0.577940046787262,0.3594067394733429,,,,,,,
242,436,Healthy,Healthy,healthy,Yashan Dhaliwal RAC Data 2025,"10 March 2025/After exercise/436/Video 2025-03-10, 7 41 37 AM.mov",240,0,0.9042684098084768,/content/drive/MyDrive/cow_face_sequences_10s_250/sequences/healthy/cow_436_healthy/sequence_0242_yashan_dhaliwal_rac_da_33aaa210,-0.38909149169921875,0.4039360582828522,,,,,,,
243,370,Healthy,Healthy,healthy,Yashan Dhaliwal RAC Data 2025,"17 March 2025/Before exercise/370/Video 2025-03-17, 6 53 55 AM.mov",240,0,0.9229234715302785,/content/drive/MyDrive/cow_face_sequences_10s_250/sequences/healthy/cow_370_healthy/sequence_0243_yashan_dhaliwal_rac_da_19fbb8a7,-0.5283035039901733,0.37091264128685,,,,,,,
244,354,Unhealthy,Unhealthy,lame,Yashan Dhaliwal RAC Data 2025,"12 March 2025/After exercise/354/Video 2025-03-12, 8 17 08 AM.mov",240,0,0.9126965100566546,/content/drive/MyDrive/cow_face_sequences_10s_250/sequences/unhealthy/cow_354_unhealthy/sequence_0244_yashan_dhaliwal_rac_da_89b5090f,-0.32590609788894653,0.41923704743385315,,,,,,,
245,255,Unhealthy,Unhealthy,lame,Yashan Dhaliwal RAC Data 2025,"28 Feb 2025/After Exercise/255/Video 2025-02-28, 9 47 37 AM.mov",240,0,0.9172798715531826,/content/drive/MyDrive/cow_face_sequences_10s_250/sequences/unhealthy/cow_255_unhealthy/sequence_0245_yashan_dhaliwal_rac_da_779eb913,-0.4472845494747162,0.3900066018104553,,,,,,,
246,394,Unhealthy,Unhealthy,lameness,Truro Cow Video Data,unhealthy cows before going out/Nov 10/394- lameness.mov,240,0,0.9050245667497318,/content/drive/MyDrive/cow_face_sequences_10s_250/sequences/unhealthy/cow_394_unhealthy/sequence_0246_truro_cow_video_data_7795150a,-0.1140940710902214,0.47150734066963196,,,,,,,
247,310,Unhealthy,Unhealthy,possible mastitis,Yashan Dhaliwal RAC Data 2025,"10 March 2025/After exercise/310/Video 2025-03-10, 7 35 13 AM.mov",240,0,0.9354673293729623,/content/drive/MyDrive/cow_face_sequences_10s_250/sequences/unhealthy/cow_310_unhealthy/sequence_0247_yashan_dhaliwal_rac_da_9526bf56,-0.4574602544307709,0.3875885307788849,,,,,,,
248,402,Healthy,Healthy,healthy folder,Truro Cow Video Data,healthy cows after exercise/Nov 28/402.mov,240,0,0.9362019119163354,/content/drive/MyDrive/cow_face_sequences_10s_250/sequences/healthy/cow_402_healthy/sequence_0248_truro_cow_video_data_3a0da798,-0.3263648450374603,0.41912534832954407,,,,,,,
249,403,Unhealthy,Unhealthy,lameness,Truro Cow Video Data,unhealthy cows before going out/Sep 5/403- lameness.mov,240,0,0.9432695162793,/content/drive/MyDrive/cow_face_sequences_10s_250/sequences/unhealthy/cow_403_unhealthy/sequence_0249_truro_cow_video_data_7f823a2f,-0.22275418043136597,0.4445405900478363,,,,,,,
250,421,Unhealthy,Unhealthy,lameness/stiffness,Yashan Dhaliwal RAC Data 2025,"20 Feb 2025/During Exercise/421/Video 2025-02-20, 9 26 43 AM.mov",240,0,0.9105410858988762,/content/drive/MyDrive/cow_face_sequences_10s_250/sequences/unhealthy/cow_421_unhealthy/sequence_0250_yashan_dhaliwal_rac_da_8d459645,-0.5390500426292419,0.3684086203575134,,,,,,,
