selection_rank,cow_id,cow_health_status,video_health_status,health_condition,dataset_root,relative_path,video_path,duration_sec,fps,frame_count
1,394,Unhealthy,Unhealthy,lameness,Truro Cow Video Data,unhealthy cows before going out/Sep 29/394-lameness.mov,C:\Users\shivp\Downloads\Research\DATASET\Truro Cow Video Data\unhealthy cows before going out\Sep 29\394-lameness.mov,62.540000,29.996802,1876
2,323,Unhealthy,Unhealthy,lameness,Truro Cow Video Data,unhealthy cows before going out/Nov 7/323-lameness.mov,C:\Users\shivp\Downloads\Research\DATASET\Truro Cow Video Data\unhealthy cows before going out\Nov 7\323-lameness.mov,60.695000,30.002471,1821
3,310,Unhealthy,Unhealthy,possible mastitis,Yashan Dhaliwal RAC Data 2025,"28 Feb 2025/After Exercise/310/Video 2025-02-28, 9 59 51 AM.mov","C:\Users\shivp\Downloads\Research\DATASET\Yashan Dhaliwal RAC Data 2025\28 Feb 2025\After Exercise\310\Video 2025-02-28, 9 59 51 AM.mov",121.160000,29.993397,3634
4,406,Healthy,Healthy,healthy folder,Truro Cow Video Data,healthy cows before going out/Sep 8/406.mov,C:\Users\shivp\Downloads\Research\DATASET\Truro Cow Video Data\healthy cows before going out\Sep 8\406.mov,48.205000,29.996888,1446
5,387,Healthy,Healthy,healthy folder,Truro Cow Video Data,healthy cows before going out/Sep 29/387.mov,C:\Users\shivp\Downloads\Research\DATASET\Truro Cow Video Data\healthy cows before going out\Sep 29\387.mov,60.906667,29.996716,1827
6,402,Healthy,Healthy,healthy folder,Truro Cow Video Data,healthy cows after exercise/Nov 7/402.mov,C:\Users\shivp\Downloads\Research\DATASET\Truro Cow Video Data\healthy cows after exercise\Nov 7\402.mov,61.240000,29.996734,1837
7,446,Unhealthy,Unhealthy,fresh cows,Truro Cow Video Data,unhealthy cows after exercise/Sep 5/446- fresh cows.mov,C:\Users\shivp\Downloads\Research\DATASET\Truro Cow Video Data\unhealthy cows after exercise\Sep 5\446- fresh cows.mov,51.071667,29.997063,1532
8,403,Unhealthy,Unhealthy,lameness,Truro Cow Video Data,unhealthy cows before going out/Oct 1/403-lameness.mov,C:\Users\shivp\Downloads\Research\DATASET\Truro Cow Video Data\unhealthy cows before going out\Oct 1\403-lameness.mov,61.473333,29.996747,1844
9,374,Healthy,Healthy,healthy folder,Truro Cow Video Data,healthy cows before going out/Nov 10/374.mov,C:\Users\shivp\Downloads\Research\DATASET\Truro Cow Video Data\healthy cows before going out\Nov 10\374.mov,59.973333,29.996665,1799
10,421,Unhealthy,Unhealthy,lameness/stiffness,Yashan Dhaliwal RAC Data 2025,"7 March 2025/After Exercise/421/Video 2025-03-07, 7 25 57 AM.mov","C:\Users\shivp\Downloads\Research\DATASET\Yashan Dhaliwal RAC Data 2025\7 March 2025\After Exercise\421\Video 2025-03-07, 7 25 57 AM.mov",121.026667,30.001653,3631
11,433,Unhealthy,Unhealthy,possible mastitis,Yashan Dhaliwal RAC Data 2025,"March 24 2025/Before exercise/433/Video 2025-03-24, 7 12 23 AM.mov","C:\Users\shivp\Downloads\Research\DATASET\Yashan Dhaliwal RAC Data 2025\March 24 2025\Before exercise\433\Video 2025-03-24, 7 12 23 AM.mov",123.226667,30.001623,3697
12,438,Unhealthy,Unhealthy,possible metritis,Yashan Dhaliwal RAC Data 2025,"20 Feb 2025/Before Exercise/438/Video 2025-02-20, 8 57 35 AM.mov","C:\Users\shivp\Downloads\Research\DATASET\Yashan Dhaliwal RAC Data 2025\20 Feb 2025\Before Exercise\438\Video 2025-02-20, 8 57 35 AM.mov",185.845000,29.998117,5575
13,428,Healthy,Healthy,healthy folder,Truro Cow Video Data,healthy cows before going out/Nov 5/428.mov,C:\Users\shivp\Downloads\Research\DATASET\Truro Cow Video Data\healthy cows before going out\Nov 5\428.mov,55.746667,29.992825,1672
14,426,Healthy,Healthy,healthy folder,Truro Cow Video Data,healthy cows after exercise/Nov 7/426.mov,C:\Users\shivp\Downloads\Research\DATASET\Truro Cow Video Data\healthy cows after exercise\Nov 7\426.mov,60.510000,29.995042,1815
15,417,Unhealthy,Healthy,healthy,Yashan Dhaliwal RAC Data 2025,"12 March 2025/After exercise/417/Video 2025-03-12, 8 10 02 AM.mov","C:\Users\shivp\Downloads\Research\DATASET\Yashan Dhaliwal RAC Data 2025\12 March 2025\After exercise\417\Video 2025-03-12, 8 10 02 AM.mov",91.028333,30.001648,2731
16,427,Unhealthy,Unhealthy,lameness,Truro Cow Video Data,unhealthy cows before going out/Sep 8/427- lameness.mov,C:\Users\shivp\Downloads\Research\DATASET\Truro Cow Video Data\unhealthy cows before going out\Sep 8\427- lameness.mov,51.171667,29.997069,1535
17,378,Unhealthy,Healthy,healthy,Yashan Dhaliwal RAC Data 2025,"12 March 2025/After exercise/378/Video 2025-03-12, 8 08 18 AM.mov","C:\Users\shivp\Downloads\Research\DATASET\Yashan Dhaliwal RAC Data 2025\12 March 2025\After exercise\378\Video 2025-03-12, 8 08 18 AM.mov",96.761667,30.001550,2903
18,425,Unhealthy,Unhealthy,unhealthy folder,Truro Cow Video Data,unhealthy cows after exercise/Sep 4/425.mov,C:\Users\shivp\Downloads\Research\DATASET\Truro Cow Video Data\unhealthy cows after exercise\Sep 4\425.mov,64.306667,29.996890,1929
19,432,Healthy,Healthy,healthy folder,Truro Cow Video Data,healthy cows after exercise/Sep 4/432.mov,C:\Users\shivp\Downloads\Research\DATASET\Truro Cow Video Data\healthy cows after exercise\Sep 4\432.mov,66.626667,29.987993,1998
20,404,Healthy,Healthy,healthy folder,Truro Cow Video Data,healthy cows after exercise/Oct 6/404.mov,C:\Users\shivp\Downloads\Research\DATASET\Truro Cow Video Data\healthy cows after exercise\Oct 6\404.mov,61.640000,29.996755,1849
21,349,Unhealthy,Unhealthy,sudden fall,Cow 349 - Unhealthy (sudden fall),"Video 2025-03-28, 2 35 10 PM.mov","C:\Users\shivp\Downloads\Research\DATASET\Cow 349 - Unhealthy (sudden fall)\Video 2025-03-28, 2 35 10 PM.mov",195.688333,30.001789,5871
22,363,Unhealthy,Unhealthy,lameness,Truro Cow Video Data,unhealthy cows after exercise/Nov 28/363-lameness.mov,C:\Users\shivp\Downloads\Research\DATASET\Truro Cow Video Data\unhealthy cows after exercise\Nov 28\363-lameness.mov,70.395000,30.002131,2112
23,436,Healthy,Healthy,healthy,Yashan Dhaliwal RAC Data 2025,"27 Feb 2025/Before Exercise/436/Video 2025-02-27, 2 29 11 PM.mov","C:\Users\shivp\Downloads\Research\DATASET\Yashan Dhaliwal RAC Data 2025\27 Feb 2025\Before Exercise\436\Video 2025-02-27, 2 29 11 PM.mov",125.391667,30.001994,3762
24,439,Healthy,Healthy,healthy folder,Truro Cow Video Data,healthy cows before going out/Sep 8/439.mov,C:\Users\shivp\Downloads\Research\DATASET\Truro Cow Video Data\healthy cows before going out\Sep 8\439.mov,54.671667,29.997256,1640
25,370,Healthy,Healthy,healthy,Yashan Dhaliwal RAC Data 2025,"10 March 2025/Before exercise/370/Video 2025-03-10, 6 25 31 AM.mov","C:\Users\shivp\Downloads\Research\DATASET\Yashan Dhaliwal RAC Data 2025\10 March 2025\Before exercise\370\Video 2025-03-10, 6 25 31 AM.mov",121.160000,30.001651,3635
26,415,Unhealthy,Unhealthy,lameness,Truro Cow Video Data,unhealthy cows after exercise/Sep 5/415 - lameness.mov,C:\Users\shivp\Downloads\Research\DATASET\Truro Cow Video Data\unhealthy cows after exercise\Sep 5\415 - lameness.mov,56.455000,29.988486,1693
27,354,Unhealthy,Unhealthy,lame,Yashan Dhaliwal RAC Data 2025,"24 Feb 2025/During Exercise/354/Video 2025-02-24, 9 41 39 AM.mov","C:\Users\shivp\Downloads\Research\DATASET\Yashan Dhaliwal RAC Data 2025\24 Feb 2025\During Exercise\354\Video 2025-02-24, 9 41 39 AM.mov",121.860000,30.001641,3656
28,255,Unhealthy,Unhealthy,lameness,Truro Cow Video Data,unhealthy cows before going out/oct 29/255-lameness.mov,C:\Users\shivp\Downloads\Research\DATASET\Truro Cow Video Data\unhealthy cows before going out\oct 29\255-lameness.mov,61.596667,30.001623,1848
29,405,Healthy,Healthy,healthy folder,Truro Cow Video Data,healthy cows after exercise/Sep 8/405.mov,C:\Users\shivp\Downloads\Research\DATASET\Truro Cow Video Data\healthy cows after exercise\Sep 8\405.mov,50.671667,29.997040,1520
30,355,Healthy,Healthy,healthy folder,Truro Cow Video Data,healthy cows before going out/Sep 8/355.mov,C:\Users\shivp\Downloads\Research\DATASET\Truro Cow Video Data\healthy cows before going out\Sep 8\355.mov,55.071667,29.997276,1652
31,352,Healthy,Healthy,healthy folder,Truro Cow Video Data,healthy cows before going out/Nov 28/352.mov,C:\Users\shivp\Downloads\Research\DATASET\Truro Cow Video Data\healthy cows before going out\Nov 28\352.mov,52.371667,29.997136,1571
32,408,Healthy,Healthy,healthy folder,Truro Cow Video Data,healthy cows before going out/Sep 4/408.mov,C:\Users\shivp\Downloads\Research\DATASET\Truro Cow Video Data\healthy cows before going out\Sep 4\408.mov,58.806667,29.996599,1764
33,394,Unhealthy,Unhealthy,lameness,Truro Cow Video Data,unhealthy cows before going out/Sep 26/394-lameness.mov,C:\Users\shivp\Downloads\Research\DATASET\Truro Cow Video Data\unhealthy cows before going out\Sep 26\394-lameness.mov,60.906667,29.996716,1827
34,323,Unhealthy,Unhealthy,lameness,Truro Cow Video Data,unhealthy cows after exercise/Nov 7/323-lameness.mov,C:\Users\shivp\Downloads\Research\DATASET\Truro Cow Video Data\unhealthy cows after exercise\Nov 7\323-lameness.mov,60.863333,30.001643,1826
35,310,Unhealthy,Unhealthy,possible mastitis,Yashan Dhaliwal RAC Data 2025,"24 Feb 2025/Before Exercise/310/Video 2025-02-24, 8 58 07 AM.mov","C:\Users\shivp\Downloads\Research\DATASET\Yashan Dhaliwal RAC Data 2025\24 Feb 2025\Before Exercise\310\Video 2025-02-24, 8 58 07 AM.mov",126.025000,30.001984,3781
36,406,Healthy,Healthy,healthy folder,Truro Cow Video Data,healthy cows after exercise/Sep 5/406.mov,C:\Users\shivp\Downloads\Research\DATASET\Truro Cow Video Data\healthy cows after exercise\Sep 5\406.mov,60.706667,29.996705,1821
37,387,Healthy,Healthy,healthy folder,Truro Cow Video Data,healthy cows before going out/Sep 26/387.mov,C:\Users\shivp\Downloads\Research\DATASET\Truro Cow Video Data\healthy cows before going out\Sep 26\387.mov,62.150000,29.991955,1864
38,402,Healthy,Healthy,healthy folder,Truro Cow Video Data,healthy cows before going out/Oct 29/402.mov,C:\Users\shivp\Downloads\Research\DATASET\Truro Cow Video Data\healthy cows before going out\Oct 29\402.mov,67.873333,29.997053,2036
39,446,Unhealthy,Unhealthy,fresh cows,Truro Cow Video Data,unhealthy cows before going out/Sep 4/446- fresh cows.mov,C:\Users\shivp\Downloads\Research\DATASET\Truro Cow Video Data\unhealthy cows before going out\Sep 4\446- fresh cows.mov,61.606667,29.996754,1848
40,403,Unhealthy,Unhealthy,lameness,Truro Cow Video Data,unhealthy cows before going out/Sep 8/403- lameness.mov,C:\Users\shivp\Downloads\Research\DATASET\Truro Cow Video Data\unhealthy cows before going out\Sep 8\403- lameness.mov,53.938333,29.997219,1618
41,374,Healthy,Healthy,healthy folder,Truro Cow Video Data,healthy cows before going out/Nov 7/374.mov,C:\Users\shivp\Downloads\Research\DATASET\Truro Cow Video Data\healthy cows before going out\Nov 7\374.mov,64.773333,29.996912,1943
42,421,Unhealthy,Unhealthy,lameness/stiffness,Yashan Dhaliwal RAC Data 2025,"March 24 2025/After exercise/421/Video 2025-03-24, 7 53 24 AM.mov","C:\Users\shivp\Downloads\Research\DATASET\Yashan Dhaliwal RAC Data 2025\March 24 2025\After exercise\421\Video 2025-03-24, 7 53 24 AM.mov",122.960000,30.001627,3689
43,433,Unhealthy,Unhealthy,possible mastitis,Yashan Dhaliwal RAC Data 2025,"17 March 2025/After exercise/433/Video 2025-03-17, 8 47 40 AM.mov","C:\Users\shivp\Downloads\Research\DATASET\Yashan Dhaliwal RAC Data 2025\17 March 2025\After exercise\433\Video 2025-03-17, 8 47 40 AM.mov",90.861667,30.001651,2726
44,438,Unhealthy,Unhealthy,possible metritis,Yashan Dhaliwal RAC Data 2025,"20 Feb 2025/During Exercise/438/Video 2025-02-20, 9 16 25 AM.mov","C:\Users\shivp\Downloads\Research\DATASET\Yashan Dhaliwal RAC Data 2025\20 Feb 2025\During Exercise\438\Video 2025-02-20, 9 16 25 AM.mov",130.591667,30.001914,3918
45,428,Healthy,Healthy,healthy folder,Truro Cow Video Data,healthy cows after exercise/Nov 5/428.mov,C:\Users\shivp\Downloads\Research\DATASET\Truro Cow Video Data\healthy cows after exercise\Nov 5\428.mov,62.406667,29.996795,1872
46,426,Healthy,Healthy,healthy folder,Truro Cow Video Data,healthy cows before going out/Nov 7/426.mov,C:\Users\shivp\Downloads\Research\DATASET\Truro Cow Video Data\healthy cows before going out\Nov 7\426.mov,63.706667,29.996861,1911
47,417,Unhealthy,Healthy,healthy,Yashan Dhaliwal RAC Data 2025,"March 24 2025/After exercise/417/Video 2025-03-24, 7 58 46 AM.mov","C:\Users\shivp\Downloads\Research\DATASET\Yashan Dhaliwal RAC Data 2025\March 24 2025\After exercise\417\Video 2025-03-24, 7 58 46 AM.mov",121.426667,30.001647,3643
48,427,Unhealthy,Unhealthy,lameness,Truro Cow Video Data,unhealthy cows after exercise/Sep 4/427- lameness.mov,C:\Users\shivp\Downloads\Research\DATASET\Truro Cow Video Data\unhealthy cows after exercise\Sep 4\427- lameness.mov,62.473333,29.996799,1874
49,378,Unhealthy,Healthy,healthy,Yashan Dhaliwal RAC Data 2025,"7 March 2025/Before Exercise/378/Video 2025-03-07, 6 21 02 AM.mov","C:\Users\shivp\Downloads\Research\DATASET\Yashan Dhaliwal RAC Data 2025\7 March 2025\Before Exercise\378\Video 2025-03-07, 6 21 02 AM.mov",121.960000,30.001640,3659
50,425,Unhealthy,Unhealthy,lameness,Truro Cow Video Data,unhealthy cows after exercise/Oct 29/425-lameness.mov,C:\Users\shivp\Downloads\Research\DATASET\Truro Cow Video Data\unhealthy cows after exercise\Oct 29\425-lameness.mov,60.828333,30.002466,1825
51,432,Healthy,Healthy,healthy folder,Truro Cow Video Data,healthy cows after exercise/Sep 8/432.mov,C:\Users\shivp\Downloads\Research\DATASET\Truro Cow Video Data\healthy cows after exercise\Sep 8\432.mov,56.271667,29.997334,1688
52,404,Healthy,Healthy,healthy folder,Truro Cow Video Data,healthy cows after exercise/Oct 1/404.mov,C:\Users\shivp\Downloads\Research\DATASET\Truro Cow Video Data\healthy cows after exercise\Oct 1\404.mov,58.406667,29.996576,1752
53,349,Unhealthy,Unhealthy,sudden fall,Cow 349 - Unhealthy (sudden fall),"Video 2025-03-28, 2 47 34 PM.mov","C:\Users\shivp\Downloads\Research\DATASET\Cow 349 - Unhealthy (sudden fall)\Video 2025-03-28, 2 47 34 PM.mov",228.223333,30.001315,6847
54,363,Unhealthy,Unhealthy,lameness,Truro Cow Video Data,unhealthy cows before going out/Nov 28/363-lameness.mov,C:\Users\shivp\Downloads\Research\DATASET\Truro Cow Video Data\unhealthy cows before going out\Nov 28\363-lameness.mov,60.530000,30.001652,1816
55,436,Healthy,Healthy,healthy,Yashan Dhaliwal RAC Data 2025,20 Feb 2025/After Exercise/436 (1)/IMG_0548.MOV,C:\Users\shivp\Downloads\Research\DATASET\Yashan Dhaliwal RAC Data 2025\20 Feb 2025\After Exercise\436 (1)\IMG_0548.MOV,181.855000,30.001925,5456
56,439,Healthy,Healthy,healthy folder,Truro Cow Video Data,healthy cows after exercise/Sep 5/439.mov,C:\Users\shivp\Downloads\Research\DATASET\Truro Cow Video Data\healthy cows after exercise\Sep 5\439.mov,51.238333,29.997073,1537
57,370,Healthy,Healthy,healthy,Yashan Dhaliwal RAC Data 2025,"27 Feb 2025/During Exercise/370/Video 2025-02-27, 3 22 44 PM.mov","C:\Users\shivp\Downloads\Research\DATASET\Yashan Dhaliwal RAC Data 2025\27 Feb 2025\During Exercise\370\Video 2025-02-27, 3 22 44 PM.mov",92.161667,30.001628,2765
58,415,Unhealthy,Unhealthy,lameness,Truro Cow Video Data,unhealthy cows after exercise/Sep 4/415 - lameness.mov,C:\Users\shivp\Downloads\Research\DATASET\Truro Cow Video Data\unhealthy cows after exercise\Sep 4\415 - lameness.mov,61.878333,29.994344,1856
59,354,Unhealthy,Unhealthy,lame,Yashan Dhaliwal RAC Data 2025,"March 19 2025/After exercise/354/Video 2025-03-19, 8 04 47 AM.mov","C:\Users\shivp\Downloads\Research\DATASET\Yashan Dhaliwal RAC Data 2025\March 19 2025\After exercise\354\Video 2025-03-19, 8 04 47 AM.mov",122.560000,30.001632,3677
60,255,Unhealthy,Unhealthy,lame,Yashan Dhaliwal RAC Data 2025,"10 March 2025/During exercise/255/Video 2025-03-10, 6 58 02 AM.mov","C:\Users\shivp\Downloads\Research\DATASET\Yashan Dhaliwal RAC Data 2025\10 March 2025\During exercise\255\Video 2025-03-10, 6 58 02 AM.mov",93.128333,30.001611,2794
61,405,Healthy,Healthy,healthy folder,Truro Cow Video Data,healthy cows before going out/Sep 8/405.mov,C:\Users\shivp\Downloads\Research\DATASET\Truro Cow Video Data\healthy cows before going out\Sep 8\405.mov,51.905000,29.997110,1557
62,355,Healthy,Healthy,healthy folder,Truro Cow Video Data,healthy cows before going out/Sep 4/355.mov,C:\Users\shivp\Downloads\Research\DATASET\Truro Cow Video Data\healthy cows before going out\Sep 4\355.mov,58.840000,29.996601,1765
63,352,Healthy,Healthy,healthy folder,Truro Cow Video Data,healthy cows after exercise/Nov 28/352.mov,C:\Users\shivp\Downloads\Research\DATASET\Truro Cow Video Data\healthy cows after exercise\Nov 28\352.mov,53.671667,29.997205,1610
64,408,Healthy,Healthy,healthy folder,Truro Cow Video Data,healthy cows before going out/Sep 5/408.mov,C:\Users\shivp\Downloads\Research\DATASET\Truro Cow Video Data\healthy cows before going out\Sep 5\408.mov,61.973333,29.996773,1859
65,394,Unhealthy,Unhealthy,lameness,Truro Cow Video Data,unhealthy cows after exercise/Sep 26/394-lameness.mov,C:\Users\shivp\Downloads\Research\DATASET\Truro Cow Video Data\unhealthy cows after exercise\Sep 26\394-lameness.mov,61.473333,29.996747,1844
66,323,Unhealthy,Unhealthy,lameness,Truro Cow Video Data,unhealthy cows before going out/Nov 10/323- lameness.mov,C:\Users\shivp\Downloads\Research\DATASET\Truro Cow Video Data\unhealthy cows before going out\Nov 10\323- lameness.mov,60.773333,29.996709,1823
67,310,Unhealthy,Unhealthy,possible mastitis,Yashan Dhaliwal RAC Data 2025,"17 March 2025/Before exercise/310/Video 2025-03-17, 7 06 35 AM.mov","C:\Users\shivp\Downloads\Research\DATASET\Yashan Dhaliwal RAC Data 2025\17 March 2025\Before exercise\310\Video 2025-03-17, 7 06 35 AM.mov",122.560000,30.001632,3677
68,406,Healthy,Healthy,healthy folder,Truro Cow Video Data,healthy cows after exercise/Nov 28/406.mov,C:\Users\shivp\Downloads\Research\DATASET\Truro Cow Video Data\healthy cows after exercise\Nov 28\406.mov,57.873333,29.996544,1736
69,387,Healthy,Healthy,healthy folder,Truro Cow Video Data,healthy cows before going out/Oct 1/387.mov,C:\Users\shivp\Downloads\Research\DATASET\Truro Cow Video Data\healthy cows before going out\Oct 1\387.mov,61.606667,29.996754,1848
70,402,Healthy,Healthy,healthy folder,Truro Cow Video Data,healthy cows before going out/Nov 10/402.mov,C:\Users\shivp\Downloads\Research\DATASET\Truro Cow Video Data\healthy cows before going out\Nov 10\402.mov,60.106667,29.996673,1803
71,446,Unhealthy,Unhealthy,fresh cows,Truro Cow Video Data,unhealthy cows after exercise/Sep 4/446- fresh cows.mov,C:\Users\shivp\Downloads\Research\DATASET\Truro Cow Video Data\unhealthy cows after exercise\Sep 4\446- fresh cows.mov,72.773333,29.997252,2183
72,403,Unhealthy,Unhealthy,lameness,Truro Cow Video Data,unhealthy cows after exercise/Sep 5/403- lameness.mov,C:\Users\shivp\Downloads\Research\DATASET\Truro Cow Video Data\unhealthy cows after exercise\Sep 5\403- lameness.mov,53.271667,29.997184,1598
73,374,Healthy,Healthy,healthy folder,Truro Cow Video Data,healthy cows after exercise/Nov 7/374.mov,C:\Users\shivp\Downloads\Research\DATASET\Truro Cow Video Data\healthy cows after exercise\Nov 7\374.mov,61.306667,29.996738,1839
74,421,Unhealthy,Unhealthy,lameness/stiffness,Yashan Dhaliwal RAC Data 2025,"March 24 2025/During exercise/421/Video 2025-03-24, 7 21 47 AM.mov","C:\Users\shivp\Downloads\Research\DATASET\Yashan Dhaliwal RAC Data 2025\March 24 2025\During exercise\421\Video 2025-03-24, 7 21 47 AM.mov",95.628333,30.001569,2869
75,433,Unhealthy,Unhealthy,possible mastitis,Yashan Dhaliwal RAC Data 2025,"27 Feb 2025/After Exercise/433/Video 2025-02-27, 3 51 28 PM.mov","C:\Users\shivp\Downloads\Research\DATASET\Yashan Dhaliwal RAC Data 2025\27 Feb 2025\After Exercise\433\Video 2025-02-27, 3 51 28 PM.mov",121.726667,30.001643,3652
76,438,Unhealthy,Unhealthy,possible metritis,Yashan Dhaliwal RAC Data 2025,"19 Feb 2025/During Exercise/438/Video 2025-02-19, 9 29 42 AM.mov","C:\Users\shivp\Downloads\Research\DATASET\Yashan Dhaliwal RAC Data 2025\19 Feb 2025\During Exercise\438\Video 2025-02-19, 9 29 42 AM.mov",111.393333,30.001795,3342
77,426,Healthy,Healthy,healthy folder,Truro Cow Video Data,healthy cows after exercise/Nov 10/426.mov,C:\Users\shivp\Downloads\Research\DATASET\Truro Cow Video Data\healthy cows after exercise\Nov 10\426.mov,58.523333,29.988039,1755
78,417,Unhealthy,Unhealthy,fresh cows,Truro Cow Video Data,unhealthy cows after exercise/Sep 8/417- fresh cows .mov,C:\Users\shivp\Downloads\Research\DATASET\Truro Cow Video Data\unhealthy cows after exercise\Sep 8\417- fresh cows .mov,56.205000,29.997331,1686
79,427,Unhealthy,Unhealthy,lameness,Truro Cow Video Data,unhealthy cows after exercise/Sep 8/427- lameness.mov,C:\Users\shivp\Downloads\Research\DATASET\Truro Cow Video Data\unhealthy cows after exercise\Sep 8\427- lameness.mov,49.271667,29.996956,1478
80,378,Unhealthy,Healthy,healthy,Yashan Dhaliwal RAC Data 2025,"20 Feb 2025/During Exercise/378/Video 2025-02-20, 9 29 50 AM.mov","C:\Users\shivp\Downloads\Research\DATASET\Yashan Dhaliwal RAC Data 2025\20 Feb 2025\During Exercise\378\Video 2025-02-20, 9 29 50 AM.mov",148.491667,30.001684,4455
81,425,Unhealthy,Unhealthy,lameness,Truro Cow Video Data,unhealthy cows before going out/oct 29/425-lameness.mov,C:\Users\shivp\Downloads\Research\DATASET\Truro Cow Video Data\unhealthy cows before going out\oct 29\425-lameness.mov,60.763333,30.001646,1823
82,432,Healthy,Healthy,healthy folder,Truro Cow Video Data,healthy cows before going out/Sep 5/432.mov,C:\Users\shivp\Downloads\Research\DATASET\Truro Cow Video Data\healthy cows before going out\Sep 5\432.mov,61.356667,29.988591,1840
83,404,Healthy,Healthy,healthy folder,Truro Cow Video Data,healthy cows before going out/Nov 10/404.mov,C:\Users\shivp\Downloads\Research\DATASET\Truro Cow Video Data\healthy cows before going out\Nov 10\404.mov,61.440000,29.996745,1843
84,349,Unhealthy,Unhealthy,sudden fall,Cow 349 - Unhealthy (sudden fall),"Video 2025-03-28, 2 31 06 PM.mov","C:\Users\shivp\Downloads\Research\DATASET\Cow 349 - Unhealthy (sudden fall)\Video 2025-03-28, 2 31 06 PM.mov",239.551667,30.001879,7187
85,436,Healthy,Healthy,healthy,Yashan Dhaliwal RAC Data 2025,"19 Feb 2025/Before Exercise/436/Video 2025-02-19, 8 37 16 AM.mov","C:\Users\shivp\Downloads\Research\DATASET\Yashan Dhaliwal RAC Data 2025\19 Feb 2025\Before Exercise\436\Video 2025-02-19, 8 37 16 AM.mov",183.056667,30.001639,5492
86,439,Healthy,Healthy,healthy folder,Truro Cow Video Data,healthy cows before going out/Sep 4/439.mov,C:\Users\shivp\Downloads\Research\DATASET\Truro Cow Video Data\healthy cows before going out\Sep 4\439.mov,57.371667,29.997385,1721
87,370,Healthy,Healthy,healthy,Yashan Dhaliwal RAC Data 2025,"7 March 2025/After Exercise/370/Video 2025-03-07, 7 32 51 AM.mov","C:\Users\shivp\Downloads\Research\DATASET\Yashan Dhaliwal RAC Data 2025\7 March 2025\After Exercise\370\Video 2025-03-07, 7 32 51 AM.mov",121.826667,30.001642,3655
88,415,Unhealthy,Unhealthy,lameness,Truro Cow Video Data,unhealthy cows after exercise/Sep 8/415 - lameness.mov,C:\Users\shivp\Downloads\Research\DATASET\Truro Cow Video Data\unhealthy cows after exercise\Sep 8\415 - lameness.mov,50.338333,29.997020,1510
89,354,Unhealthy,Unhealthy,lame,Yashan Dhaliwal RAC Data 2025,"26 March 2025/After exercise/354/Video 2025-03-26, 8 32 59 AM.mov","C:\Users\shivp\Downloads\Research\DATASET\Yashan Dhaliwal RAC Data 2025\26 March 2025\After exercise\354\Video 2025-03-26, 8 32 59 AM.mov",121.060000,30.001652,3632
90,255,Unhealthy,Unhealthy,lameness,Truro Cow Video Data,unhealthy cows before going out/Nov 10/255- lameness.mov,C:\Users\shivp\Downloads\Research\DATASET\Truro Cow Video Data\unhealthy cows before going out\Nov 10\255- lameness.mov,63.106667,29.996831,1893
91,405,Healthy,Healthy,healthy folder,Truro Cow Video Data,healthy cows after exercise/Sep 4/405.mov,C:\Users\shivp\Downloads\Research\DATASET\Truro Cow Video Data\healthy cows after exercise\Sep 4\405.mov,62.125000,29.987928,1863
92,355,Healthy,Healthy,healthy folder,Truro Cow Video Data,healthy cows before going out/Sep 5/355.mov,C:\Users\shivp\Downloads\Research\DATASET\Truro Cow Video Data\healthy cows before going out\Sep 5\355.mov,62.223333,29.988750,1866
93,408,Healthy,Healthy,healthy folder,Truro Cow Video Data,healthy cows after exercise/Sep 4/408.mov,C:\Users\shivp\Downloads\Research\DATASET\Truro Cow Video Data\healthy cows after exercise\Sep 4\408.mov,65.206667,29.996933,1956
94,394,Unhealthy,Unhealthy,lameness,Truro Cow Video Data,unhealthy cows after exercise/Nov 10/394-lameness.mov,C:\Users\shivp\Downloads\Research\DATASET\Truro Cow Video Data\unhealthy cows after exercise\Nov 10\394-lameness.mov,58.783333,29.991494,1763
95,323,Unhealthy,Unhealthy,lameness,Truro Cow Video Data,unhealthy cows after exercise/Nov 28/323-lameness.mov,C:\Users\shivp\Downloads\Research\DATASET\Truro Cow Video Data\unhealthy cows after exercise\Nov 28\323-lameness.mov,59.861667,30.002506,1796
96,310,Unhealthy,Unhealthy,possible mastitis,Yashan Dhaliwal RAC Data 2025,"27 Feb 2025/Before Exercise/310/Video 2025-02-27, 2 45 31 PM.mov","C:\Users\shivp\Downloads\Research\DATASET\Yashan Dhaliwal RAC Data 2025\27 Feb 2025\Before Exercise\310\Video 2025-02-27, 2 45 31 PM.mov",125.193333,30.001598,3756
97,406,Healthy,Healthy,healthy folder,Truro Cow Video Data,healthy cows after exercise/Sep 4/406.mov,C:\Users\shivp\Downloads\Research\DATASET\Truro Cow Video Data\healthy cows after exercise\Sep 4\406.mov,63.806667,29.996866,1914
98,387,Healthy,Healthy,healthy folder,Truro Cow Video Data,healthy cows after exercise/Sep 29/387.mov,C:\Users\shivp\Downloads\Research\DATASET\Truro Cow Video Data\healthy cows after exercise\Sep 29\387.mov,62.420000,29.990388,1872
99,402,Healthy,Healthy,healthy folder,Truro Cow Video Data,healthy cows after exercise/Oct 29/402.mov,C:\Users\shivp\Downloads\Research\DATASET\Truro Cow Video Data\healthy cows after exercise\Oct 29\402.mov,62.213333,29.993571,1866
100,446,Unhealthy,Unhealthy,fresh cows,Truro Cow Video Data,unhealthy cows before going out/Sep 8/446- fresh cows.mov,C:\Users\shivp\Downloads\Research\DATASET\Truro Cow Video Data\unhealthy cows before going out\Sep 8\446- fresh cows.mov,57.738333,29.997402,1732
101,403,Unhealthy,Unhealthy,lameness,Truro Cow Video Data,unhealthy cows after exercise/Sep 29/403-lameness .mov,C:\Users\shivp\Downloads\Research\DATASET\Truro Cow Video Data\unhealthy cows after exercise\Sep 29\403-lameness .mov,61.640000,29.996755,1849
102,374,Healthy,Healthy,healthy folder,Truro Cow Video Data,healthy cows before going out/Oct 29/374.mov,C:\Users\shivp\Downloads\Research\DATASET\Truro Cow Video Data\healthy cows before going out\Oct 29\374.mov,64.640000,29.996906,1939
103,421,Unhealthy,Unhealthy,lameness/stiffness,Yashan Dhaliwal RAC Data 2025,"28 Feb 2025/After Exercise/421/Video 2025-02-28, 9 52 07 AM.mov","C:\Users\shivp\Downloads\Research\DATASET\Yashan Dhaliwal RAC Data 2025\28 Feb 2025\After Exercise\421\Video 2025-02-28, 9 52 07 AM.mov",123.393333,30.001621,3702
104,433,Unhealthy,Unhealthy,possible mastitis,Yashan Dhaliwal RAC Data 2025,"21 Feb 2025/Before Exercise/433/Video 2025-02-21, 8 45 57 AM.mov","C:\Users\shivp\Downloads\Research\DATASET\Yashan Dhaliwal RAC Data 2025\21 Feb 2025\Before Exercise\433\Video 2025-02-21, 8 45 57 AM.mov",180.293333,30.001109,5409
105,438,Unhealthy,Unhealthy,possible metritis,Yashan Dhaliwal RAC Data 2025,"6 March 2025/During Exercise/438/Video 2025-03-06, 7 01 07 AM.mov","C:\Users\shivp\Downloads\Research\DATASET\Yashan Dhaliwal RAC Data 2025\6 March 2025\During Exercise\438\Video 2025-03-06, 7 01 07 AM.mov",122.260000,30.001636,3668
106,426,Healthy,Healthy,healthy folder,Truro Cow Video Data,healthy cows before going out/Nov 10/426.mov,C:\Users\shivp\Downloads\Research\DATASET\Truro Cow Video Data\healthy cows before going out\Nov 10\426.mov,61.206667,29.996732,1836
107,417,Unhealthy,Healthy,healthy,Yashan Dhaliwal RAC Data 2025,"20 Feb 2025/Before Exercise/417/Video 2025-02-20, 8 47 36 AM.mov","C:\Users\shivp\Downloads\Research\DATASET\Yashan Dhaliwal RAC Data 2025\20 Feb 2025\Before Exercise\417\Video 2025-02-20, 8 47 36 AM.mov",156.041667,29.998398,4681
108,427,Unhealthy,Unhealthy,lameness,Truro Cow Video Data,unhealthy cows after exercise/Sep 5/427- lameness.mov,C:\Users\shivp\Downloads\Research\DATASET\Truro Cow Video Data\unhealthy cows after exercise\Sep 5\427- lameness.mov,56.405000,29.997341,1692
109,378,Unhealthy,Healthy,healthy,Yashan Dhaliwal RAC Data 2025,"6 March 2025/During Exercise/378/Video 2025-03-06, 7 10 01 AM.mov","C:\Users\shivp\Downloads\Research\DATASET\Yashan Dhaliwal RAC Data 2025\6 March 2025\During Exercise\378\Video 2025-03-06, 7 10 01 AM.mov",121.126667,30.001651,3634
110,425,Unhealthy,Unhealthy,lameness,Truro Cow Video Data,unhealthy cows before going out/Nov 10/425- lameness.mov,C:\Users\shivp\Downloads\Research\DATASET\Truro Cow Video Data\unhealthy cows before going out\Nov 10\425- lameness.mov,60.873333,29.996714,1826
111,432,Healthy,Healthy,healthy folder,Truro Cow Video Data,healthy cows before going out/Sep 4/432.mov,C:\Users\shivp\Downloads\Research\DATASET\Truro Cow Video Data\healthy cows before going out\Sep 4\432.mov,51.938333,29.997112,1558
112,404,Healthy,Healthy,healthy folder,Truro Cow Video Data,healthy cows after exercise/Sep 26/404.mov,C:\Users\shivp\Downloads\Research\DATASET\Truro Cow Video Data\healthy cows after exercise\Sep 26\404.mov,56.171667,29.997330,1685
113,349,Unhealthy,Unhealthy,sudden fall,Cow 349 - Unhealthy (sudden fall),"Video 2025-03-28, 2 39 08 PM.mov","C:\Users\shivp\Downloads\Research\DATASET\Cow 349 - Unhealthy (sudden fall)\Video 2025-03-28, 2 39 08 PM.mov",312.715000,30.001759,9382
114,436,Healthy,Healthy,healthy,Yashan Dhaliwal RAC Data 2025,"6 March 2025/During Exercise/436/Video 2025-03-06, 7 15 03 AM.mov","C:\Users\shivp\Downloads\Research\DATASET\Yashan Dhaliwal RAC Data 2025\6 March 2025\During Exercise\436\Video 2025-03-06, 7 15 03 AM.mov",122.561667,30.001224,3677
115,439,Healthy,Healthy,healthy folder,Truro Cow Video Data,healthy cows before going out/Sep 5/439.mov,C:\Users\shivp\Downloads\Research\DATASET\Truro Cow Video Data\healthy cows before going out\Sep 5\439.mov,61.206667,29.996732,1836
116,370,Healthy,Healthy,healthy,Yashan Dhaliwal RAC Data 2025,"March 19 2025/During exercise/370/Video 2025-03-19, 7 25 11 AM.mov","C:\Users\shivp\Downloads\Research\DATASET\Yashan Dhaliwal RAC Data 2025\March 19 2025\During exercise\370\Video 2025-03-19, 7 25 11 AM.mov",93.961667,30.001596,2819
117,415,Unhealthy,Unhealthy,lameness,Truro Cow Video Data,unhealthy cows before going out/Sep 5/415 - lameness.mov,C:\Users\shivp\Downloads\Research\DATASET\Truro Cow Video Data\unhealthy cows before going out\Sep 5\415 - lameness.mov,55.405000,29.997293,1662
118,354,Unhealthy,Unhealthy,lame,Yashan Dhaliwal RAC Data 2025,"21 Feb 2025/During Exercise/354/Video 2025-02-21, 9 23 37 AM.mov","C:\Users\shivp\Downloads\Research\DATASET\Yashan Dhaliwal RAC Data 2025\21 Feb 2025\During Exercise\354\Video 2025-02-21, 9 23 37 AM.mov",123.426667,30.001620,3703
119,255,Unhealthy,Unhealthy,lame,Yashan Dhaliwal RAC Data 2025,"6 March 2025/After Exercise/255/Video 2025-03-06, 7 36 58 AM.mov","C:\Users\shivp\Downloads\Research\DATASET\Yashan Dhaliwal RAC Data 2025\6 March 2025\After Exercise\255\Video 2025-03-06, 7 36 58 AM.mov",121.360000,30.001648,3641
120,405,Healthy,Healthy,healthy folder,Truro Cow Video Data,healthy cows after exercise/Sep 5/405.mov,C:\Users\shivp\Downloads\Research\DATASET\Truro Cow Video Data\healthy cows after exercise\Sep 5\405.mov,57.088333,29.988614,1712
121,355,Healthy,Healthy,healthy folder,Truro Cow Video Data,healthy cows after exercise/Sep 4/355.mov,C:\Users\shivp\Downloads\Research\DATASET\Truro Cow Video Data\healthy cows after exercise\Sep 4\355.mov,60.390000,29.988409,1811
122,408,Healthy,Healthy,healthy folder,Truro Cow Video Data,healthy cows after exercise/Sep 5/408.mov,C:\Users\shivp\Downloads\Research\DATASET\Truro Cow Video Data\healthy cows after exercise\Sep 5\408.mov,57.271667,29.997381,1718
123,394,Unhealthy,Unhealthy,lameness,Truro Cow Video Data,unhealthy cows after exercise/Nov 5/394-lameness.mov,C:\Users\shivp\Downloads\Research\DATASET\Truro Cow Video Data\unhealthy cows after exercise\Nov 5\394-lameness.mov,60.973333,29.996720,1829
124,323,Unhealthy,Unhealthy,lameness,Truro Cow Video Data,unhealthy cows after exercise/Nov 5/323-lameness.mov,C:\Users\shivp\Downloads\Research\DATASET\Truro Cow Video Data\unhealthy cows after exercise\Nov 5\323-lameness.mov,57.171667,29.997376,1715
125,310,Unhealthy,Unhealthy,possible mastitis,Yashan Dhaliwal RAC Data 2025,"19 Feb 2025/During Exercise/310/Video 2025-02-19, 9 27 32 AM.mov","C:\Users\shivp\Downloads\Research\DATASET\Yashan Dhaliwal RAC Data 2025\19 Feb 2025\During Exercise\310\Video 2025-02-19, 9 27 32 AM.mov",120.960000,30.001653,3629
126,406,Healthy,Healthy,healthy folder,Truro Cow Video Data,healthy cows after exercise/Sep 8/406.mov,C:\Users\shivp\Downloads\Research\DATASET\Truro Cow Video Data\healthy cows after exercise\Sep 8\406.mov,55.938333,29.997318,1678
127,387,Healthy,Healthy,healthy folder,Truro Cow Video Data,healthy cows after exercise/Sep 26/387.mov,C:\Users\shivp\Downloads\Research\DATASET\Truro Cow Video Data\healthy cows after exercise\Sep 26\387.mov,62.773333,29.996814,1883
128,402,Healthy,Healthy,healthy folder,Truro Cow Video Data,healthy cows before going out/Sep 26/402.mov,C:\Users\shivp\Downloads\Research\DATASET\Truro Cow Video Data\healthy cows before going out\Sep 26\402.mov,60.773333,29.996709,1823
129,446,Unhealthy,Unhealthy,fresh cows,Truro Cow Video Data,unhealthy cows after exercise/Sep 8/446- fresh cows.mov,C:\Users\shivp\Downloads\Research\DATASET\Truro Cow Video Data\unhealthy cows after exercise\Sep 8\446- fresh cows.mov,61.106667,29.996727,1833
130,403,Unhealthy,Unhealthy,lameness,Truro Cow Video Data,unhealthy cows after exercise/Oct 6/403-lameness.mov,C:\Users\shivp\Downloads\Research\DATASET\Truro Cow Video Data\unhealthy cows after exercise\Oct 6\403-lameness.mov,63.806667,29.996866,1914
131,374,Healthy,Healthy,healthy folder,Truro Cow Video Data,healthy cows before going out/Nov 5/374.mov,C:\Users\shivp\Downloads\Research\DATASET\Truro Cow Video Data\healthy cows before going out\Nov 5\374.mov,61.573333,29.996752,1847
132,421,Unhealthy,Unhealthy,lameness/stiffness,Yashan Dhaliwal RAC Data 2025,"7 March 2025/Before Exercise/421/Video 2025-03-07, 6 17 24 AM.mov","C:\Users\shivp\Downloads\Research\DATASET\Yashan Dhaliwal RAC Data 2025\7 March 2025\Before Exercise\421\Video 2025-03-07, 6 17 24 AM.mov",124.260000,30.001610,3728
133,433,Unhealthy,Unhealthy,possible mastitis,Yashan Dhaliwal RAC Data 2025,"7 March 2025/After Exercise/433/Video 2025-03-07, 7 50 08 AM.mov","C:\Users\shivp\Downloads\Research\DATASET\Yashan Dhaliwal RAC Data 2025\7 March 2025\After Exercise\433\Video 2025-03-07, 7 50 08 AM.mov",121.693333,30.001643,3651
134,438,Unhealthy,Unhealthy,possible metritis,Yashan Dhaliwal RAC Data 2025,"7 March 2025/After Exercise/438/Video 2025-03-07, 7 57 09 AM.mov","C:\Users\shivp\Downloads\Research\DATASET\Yashan Dhaliwal RAC Data 2025\7 March 2025\After Exercise\438\Video 2025-03-07, 7 57 09 AM.mov",62.196667,30.001608,1866
135,417,Unhealthy,Healthy,healthy,Yashan Dhaliwal RAC Data 2025,"21 Feb 2025/During Exercise/417/Video 2025-02-21, 9 21 06 AM.mov","C:\Users\shivp\Downloads\Research\DATASET\Yashan Dhaliwal RAC Data 2025\21 Feb 2025\During Exercise\417\Video 2025-02-21, 9 21 06 AM.mov",128.191667,30.001950,3846
136,427,Unhealthy,Unhealthy,lameness,Truro Cow Video Data,unhealthy cows before going out/Sep 4/427-lameness.mov,C:\Users\shivp\Downloads\Research\DATASET\Truro Cow Video Data\unhealthy cows before going out\Sep 4\427-lameness.mov,62.073333,29.996778,1862
137,378,Unhealthy,Healthy,healthy,Yashan Dhaliwal RAC Data 2025,"10 March 2025/During exercise/378/Video 2025-03-10, 7 01 58 AM.mov","C:\Users\shivp\Downloads\Research\DATASET\Yashan Dhaliwal RAC Data 2025\10 March 2025\During exercise\378\Video 2025-03-10, 7 01 58 AM.mov",95.503333,29.925657,2858
138,425,Unhealthy,Unhealthy,lameness,Truro Cow Video Data,unhealthy cows after exercise/Sep 26/425-lameness.mov,C:\Users\shivp\Downloads\Research\DATASET\Truro Cow Video Data\unhealthy cows after exercise\Sep 26\425-lameness.mov,58.873333,29.996603,1766
139,432,Healthy,Healthy,healthy folder,Truro Cow Video Data,healthy cows after exercise/Sep 5/432.mov,C:\Users\shivp\Downloads\Research\DATASET\Truro Cow Video Data\healthy cows after exercise\Sep 5\432.mov,51.405000,29.997082,1542
140,404,Healthy,Healthy,healthy folder,Truro Cow Video Data,healthy cows before going out/Nov 28/404.mov,C:\Users\shivp\Downloads\Research\DATASET\Truro Cow Video Data\healthy cows before going out\Nov 28\404.mov,54.005000,29.997222,1620
141,436,Healthy,Healthy,healthy,Yashan Dhaliwal RAC Data 2025,"24 Feb 2025/After Exercise/436/Video 2025-02-24, 10 44 42 AM.mov","C:\Users\shivp\Downloads\Research\DATASET\Yashan Dhaliwal RAC Data 2025\24 Feb 2025\After Exercise\436\Video 2025-02-24, 10 44 42 AM.mov",122.126667,30.001638,3664
142,439,Healthy,Healthy,healthy folder,Truro Cow Video Data,healthy cows after exercise/Sep 8/439.mov,C:\Users\shivp\Downloads\Research\DATASET\Truro Cow Video Data\healthy cows after exercise\Sep 8\439.mov,52.138333,29.997123,1564
143,370,Healthy,Healthy,healthy,Yashan Dhaliwal RAC Data 2025,"10 March 2025/After exercise/370/Video 2025-03-10, 7 43 41 AM.mov","C:\Users\shivp\Downloads\Research\DATASET\Yashan Dhaliwal RAC Data 2025\10 March 2025\After exercise\370\Video 2025-03-10, 7 43 41 AM.mov",123.443333,29.997570,3703
144,415,Unhealthy,Unhealthy,lameness,Truro Cow Video Data,unhealthy cows before going out/Sep 8/415 - lameness.mov,C:\Users\shivp\Downloads\Research\DATASET\Truro Cow Video Data\unhealthy cows before going out\Sep 8\415 - lameness.mov,62.073333,29.996778,1862
145,354,Unhealthy,Unhealthy,lame,Yashan Dhaliwal RAC Data 2025,"6 March 2025/Before Exercise/354/Video 2025-03-06, 6 35 48 AM.mov","C:\Users\shivp\Downloads\Research\DATASET\Yashan Dhaliwal RAC Data 2025\6 March 2025\Before Exercise\354\Video 2025-03-06, 6 35 48 AM.mov",137.725000,29.994554,4131
146,255,Unhealthy,Unhealthy,lame,Yashan Dhaliwal RAC Data 2025,"7 March 2025/Before Exercise/255/Video 2025-03-07, 6 15 14 AM.mov","C:\Users\shivp\Downloads\Research\DATASET\Yashan Dhaliwal RAC Data 2025\7 March 2025\Before Exercise\255\Video 2025-03-07, 6 15 14 AM.mov",122.196667,30.000818,3666
147,405,Healthy,Healthy,healthy folder,Truro Cow Video Data,healthy cows before going out/Sep 5/405.mov,C:\Users\shivp\Downloads\Research\DATASET\Truro Cow Video Data\healthy cows before going out\Sep 5\405.mov,61.140000,29.996729,1834
148,355,Healthy,Healthy,healthy folder,Truro Cow Video Data,healthy cows after exercise/Sep 5/355.mov,C:\Users\shivp\Downloads\Research\DATASET\Truro Cow Video Data\healthy cows after exercise\Sep 5\355.mov,53.771667,29.997210,1613
149,408,Healthy,Healthy,healthy folder,Truro Cow Video Data,healthy cows before going out/Sep 8/408.mov,C:\Users\shivp\Downloads\Research\DATASET\Truro Cow Video Data\healthy cows before going out\Sep 8\408.mov,51.538333,29.997090,1546
150,394,Unhealthy,Unhealthy,lameness,Truro Cow Video Data,unhealthy cows before going out/Nov 28/394-lameness.mov,C:\Users\shivp\Downloads\Research\DATASET\Truro Cow Video Data\unhealthy cows before going out\Nov 28\394-lameness.mov,78.128333,30.001920,2344
151,323,Unhealthy,Unhealthy,lameness,Truro Cow Video Data,unhealthy cows before going out/Nov 5/323- lameness.mov,C:\Users\shivp\Downloads\Research\DATASET\Truro Cow Video Data\unhealthy cows before going out\Nov 5\323- lameness.mov,56.605000,29.997350,1698
152,310,Unhealthy,Unhealthy,possible mastitis,Yashan Dhaliwal RAC Data 2025,"19 Feb 2025/After Exercise/310/Video 2025-02-19, 10 04 02 AM.mov","C:\Users\shivp\Downloads\Research\DATASET\Yashan Dhaliwal RAC Data 2025\19 Feb 2025\After Exercise\310\Video 2025-02-19, 10 04 02 AM.mov",177.823333,30.001687,5335
153,406,Healthy,Healthy,healthy folder,Truro Cow Video Data,healthy cows before going out/Nov 28/406.mov,C:\Users\shivp\Downloads\Research\DATASET\Truro Cow Video Data\healthy cows before going out\Nov 28\406.mov,51.838333,29.997106,1555
154,387,Healthy,Healthy,healthy folder,Truro Cow Video Data,healthy cows before going out/Oct 6/387.mov,C:\Users\shivp\Downloads\Research\DATASET\Truro Cow Video Data\healthy cows before going out\Oct 6\387.mov,64.506667,29.996900,1935
155,402,Healthy,Healthy,healthy folder,Truro Cow Video Data,healthy cows after exercise/Nov 5/402.mov,C:\Users\shivp\Downloads\Research\DATASET\Truro Cow Video Data\healthy cows after exercise\Nov 5\402.mov,61.006667,29.996722,1830
156,403,Unhealthy,Unhealthy,lameness,Truro Cow Video Data,unhealthy cows before going out/Oct 6/403-lameness.mov,C:\Users\shivp\Downloads\Research\DATASET\Truro Cow Video Data\unhealthy cows before going out\Oct 6\403-lameness.mov,61.906667,29.996769,1857
157,374,Healthy,Healthy,healthy folder,Truro Cow Video Data,healthy cows before going out/Nov 28/374.mov,C:\Users\shivp\Downloads\Research\DATASET\Truro Cow Video Data\healthy cows before going out\Nov 28\374.mov,59.940000,29.996663,1798
158,421,Unhealthy,Unhealthy,lameness/stiffness,Yashan Dhaliwal RAC Data 2025,"19 Feb 2025/During Exercise/421/Video 2025-02-19, 9 32 19 AM.mov","C:\Users\shivp\Downloads\Research\DATASET\Yashan Dhaliwal RAC Data 2025\19 Feb 2025\During Exercise\421\Video 2025-02-19, 9 32 19 AM.mov",86.928333,30.001726,2608
159,433,Unhealthy,Unhealthy,possible mastitis,Yashan Dhaliwal RAC Data 2025,"19 Feb 2025/Before Exercise/433/Video 2025-02-19, 8 48 28 AM.mov","C:\Users\shivp\Downloads\Research\DATASET\Yashan Dhaliwal RAC Data 2025\19 Feb 2025\Before Exercise\433\Video 2025-02-19, 8 48 28 AM.mov",182.121667,30.001922,5464
160,438,Unhealthy,Unhealthy,possible metritis,Yashan Dhaliwal RAC Data 2025,"March 24 2025/Before exercise/438/Video 2025-03-24, 7 04 54 AM.mov","C:\Users\shivp\Downloads\Research\DATASET\Yashan Dhaliwal RAC Data 2025\March 24 2025\Before exercise\438\Video 2025-03-24, 7 04 54 AM.mov",122.626667,30.001631,3679
161,417,Unhealthy,Healthy,healthy,Yashan Dhaliwal RAC Data 2025,"27 Feb 2025/Before Exercise/417/Video 2025-02-27, 2 40 36 PM.mov","C:\Users\shivp\Downloads\Research\DATASET\Yashan Dhaliwal RAC Data 2025\27 Feb 2025\Before Exercise\417\Video 2025-02-27, 2 40 36 PM.mov",122.226667,30.001636,3667
162,427,Unhealthy,Unhealthy,lameness,Truro Cow Video Data,unhealthy cows before going out/Sep 5/427- lameness.mov,C:\Users\shivp\Downloads\Research\DATASET\Truro Cow Video Data\unhealthy cows before going out\Sep 5\427- lameness.mov,60.840000,29.996713,1825
163,378,Unhealthy,Healthy,healthy,Yashan Dhaliwal RAC Data 2025,"21 Feb 2025/After Exercise/378/Video 2025-02-21, 10 06 18 AM.mov","C:\Users\shivp\Downloads\Research\DATASET\Yashan Dhaliwal RAC Data 2025\21 Feb 2025\After Exercise\378\Video 2025-02-21, 10 06 18 AM.mov",186.701667,29.994376,5600
164,425,Unhealthy,Unhealthy,lameness,Truro Cow Video Data,unhealthy cows after exercise/Nov 7/425-lameness.mov,C:\Users\shivp\Downloads\Research\DATASET\Truro Cow Video Data\unhealthy cows after exercise\Nov 7\425-lameness.mov,60.863333,30.001643,1826
165,432,Healthy,Healthy,healthy folder,Truro Cow Video Data,healthy cows before going out/Sep 8/432.mov,C:\Users\shivp\Downloads\Research\DATASET\Truro Cow Video Data\healthy cows before going out\Sep 8\432.mov,52.838333,29.997161,1585
166,404,Healthy,Healthy,healthy folder,Truro Cow Video Data,healthy cows before going out/Oct 29/404.mov,C:\Users\shivp\Downloads\Research\DATASET\Truro Cow Video Data\healthy cows before going out\Oct 29\404.mov,59.306667,29.996628,1779
167,436,Healthy,Healthy,healthy,Yashan Dhaliwal RAC Data 2025,"17 March 2025/After exercise/436/Video 2025-03-17, 8 53 16 AM.mov","C:\Users\shivp\Downloads\Research\DATASET\Yashan Dhaliwal RAC Data 2025\17 March 2025\After exercise\436\Video 2025-03-17, 8 53 16 AM.mov",95.730000,30.001045,2872
168,439,Healthy,Healthy,healthy folder,Truro Cow Video Data,healthy cows after exercise/Sep 4/439.mov,C:\Users\shivp\Downloads\Research\DATASET\Truro Cow Video Data\healthy cows after exercise\Sep 4\439.mov,57.706667,29.996534,1731
169,370,Healthy,Healthy,healthy,Yashan Dhaliwal RAC Data 2025,"7 March 2025/During Exercise/370/Video 2025-03-07, 7 05 16 AM.mov","C:\Users\shivp\Downloads\Research\DATASET\Yashan Dhaliwal RAC Data 2025\7 March 2025\During Exercise\370\Video 2025-03-07, 7 05 16 AM.mov",98.193333,30.002037,2946
170,415,Unhealthy,Unhealthy,lameness,Truro Cow Video Data,unhealthy cows before going out/Sep 4/415 - lameness.mov,C:\Users\shivp\Downloads\Research\DATASET\Truro Cow Video Data\unhealthy cows before going out\Sep 4\415 - lameness.mov,60.640000,29.996702,1819
171,354,Unhealthy,Unhealthy,lame,Yashan Dhaliwal RAC Data 2025,"27 Feb 2025/After Exercise/354/Video 2025-02-27, 3 46 49 PM.mov","C:\Users\shivp\Downloads\Research\DATASET\Yashan Dhaliwal RAC Data 2025\27 Feb 2025\After Exercise\354\Video 2025-02-27, 3 46 49 PM.mov",125.058333,30.001999,3752
172,255,Unhealthy,Unhealthy,lame,Yashan Dhaliwal RAC Data 2025,"24 Feb 2025/After Exercise/255/Video 2025-02-24, 10 23 45 AM.mov","C:\Users\shivp\Downloads\Research\DATASET\Yashan Dhaliwal RAC Data 2025\24 Feb 2025\After Exercise\255\Video 2025-02-24, 10 23 45 AM.mov",122.293333,30.001635,3669
173,355,Healthy,Healthy,healthy folder,Truro Cow Video Data,healthy cows after exercise/Sep 8/355.mov,C:\Users\shivp\Downloads\Research\DATASET\Truro Cow Video Data\healthy cows after exercise\Sep 8\355.mov,49.338333,29.996960,1480
174,408,Healthy,Healthy,healthy folder,Truro Cow Video Data,healthy cows after exercise/Sep 8/408.mov,C:\Users\shivp\Downloads\Research\DATASET\Truro Cow Video Data\healthy cows after exercise\Sep 8\408.mov,51.205000,29.997071,1536
175,394,Unhealthy,Unhealthy,lameness,Truro Cow Video Data,unhealthy cows after exercise/Oct 1/394-lameness.mov,C:\Users\shivp\Downloads\Research\DATASET\Truro Cow Video Data\unhealthy cows after exercise\Oct 1\394-lameness.mov,57.105000,29.997373,1713
176,323,Unhealthy,Unhealthy,lameness,Truro Cow Video Data,unhealthy cows after exercise/Nov 10/323-lameness.mov,C:\Users\shivp\Downloads\Research\DATASET\Truro Cow Video Data\unhealthy cows after exercise\Nov 10\323-lameness.mov,54.721667,29.988122,1641
177,310,Unhealthy,Unhealthy,possible mastitis,Yashan Dhaliwal RAC Data 2025,"March 19 2025/After exercise/310/Video 2025-03-19, 8 02 23 AM.mov","C:\Users\shivp\Downloads\Research\DATASET\Yashan Dhaliwal RAC Data 2025\March 19 2025\After exercise\310\Video 2025-03-19, 8 02 23 AM.mov",120.760000,30.001656,3623
178,406,Healthy,Healthy,healthy folder,Truro Cow Video Data,healthy cows before going out/Sep 5/406.mov,C:\Users\shivp\Downloads\Research\DATASET\Truro Cow Video Data\healthy cows before going out\Sep 5\406.mov,52.138333,29.997123,1564
179,387,Healthy,Healthy,healthy folder,Truro Cow Video Data,healthy cows after exercise/Oct 6/387.mov,C:\Users\shivp\Downloads\Research\DATASET\Truro Cow Video Data\healthy cows after exercise\Oct 6\387.mov,58.340000,29.996572,1750
180,402,Healthy,Healthy,healthy folder,Truro Cow Video Data,healthy cows before going out/Oct 1/402.mov,C:\Users\shivp\Downloads\Research\DATASET\Truro Cow Video Data\healthy cows before going out\Oct 1\402.mov,62.306667,29.996790,1869
181,403,Unhealthy,Unhealthy,lameness,Truro Cow Video Data,unhealthy cows before going out/Sep 4/403-lameness.mov,C:\Users\shivp\Downloads\Research\DATASET\Truro Cow Video Data\unhealthy cows before going out\Sep 4\403-lameness.mov,71.273333,29.997194,2138
182,374,Healthy,Healthy,healthy folder,Truro Cow Video Data,healthy cows after exercise/Nov 10/374.mov,C:\Users\shivp\Downloads\Research\DATASET\Truro Cow Video Data\healthy cows after exercise\Nov 10\374.mov,58.556667,29.988046,1756
183,421,Unhealthy,Unhealthy,lameness/stiffness,Yashan Dhaliwal RAC Data 2025,"20 Feb 2025/Before Exercise/421/Video 2025-02-20, 8 37 01 AM.mov","C:\Users\shivp\Downloads\Research\DATASET\Yashan Dhaliwal RAC Data 2025\20 Feb 2025\Before Exercise\421\Video 2025-02-20, 8 37 01 AM.mov",182.575000,29.993153,5476
184,433,Unhealthy,Unhealthy,possible mastitis,Yashan Dhaliwal RAC Data 2025,"March 19 2025/During exercise/433/Video 2025-03-19, 7 37 49 AM.mov","C:\Users\shivp\Downloads\Research\DATASET\Yashan Dhaliwal RAC Data 2025\March 19 2025\During exercise\433\Video 2025-03-19, 7 37 49 AM.mov",93.161667,30.001610,2795
185,438,Unhealthy,Unhealthy,possible metritis,Yashan Dhaliwal RAC Data 2025,"March 24 2025/During exercise/438/Video 2025-03-24, 7 29 33 AM.mov","C:\Users\shivp\Downloads\Research\DATASET\Yashan Dhaliwal RAC Data 2025\March 24 2025\During exercise\438\Video 2025-03-24, 7 29 33 AM.mov",99.693333,30.002006,2991
186,417,Unhealthy,Healthy,healthy,Yashan Dhaliwal RAC Data 2025,"6 March 2025/After Exercise/417/Video 2025-03-06, 7 46 03 AM.mov","C:\Users\shivp\Downloads\Research\DATASET\Yashan Dhaliwal RAC Data 2025\6 March 2025\After Exercise\417\Video 2025-03-06, 7 46 03 AM.mov",121.260000,30.001649,3638
187,378,Unhealthy,Healthy,healthy,Yashan Dhaliwal RAC Data 2025,"24 Feb 2025/After Exercise/378/Video 2025-02-24, 10 28 03 AM.mov","C:\Users\shivp\Downloads\Research\DATASET\Yashan Dhaliwal RAC Data 2025\24 Feb 2025\After Exercise\378\Video 2025-02-24, 10 28 03 AM.mov",121.560000,30.001645,3647
188,425,Unhealthy,Unhealthy,lameness,Truro Cow Video Data,unhealthy cows before going out/Sep 5/425-lameness.mov,C:\Users\shivp\Downloads\Research\DATASET\Truro Cow Video Data\unhealthy cows before going out\Sep 5\425-lameness.mov,55.088333,29.988201,1652
189,404,Healthy,Healthy,healthy folder,Truro Cow Video Data,healthy cows before going out/Oct 6/404.mov,C:\Users\shivp\Downloads\Research\DATASET\Truro Cow Video Data\healthy cows before going out\Oct 6\404.mov,60.940000,29.996718,1828
190,436,Healthy,Healthy,healthy,Yashan Dhaliwal RAC Data 2025,"7 March 2025/During Exercise/436/Video 2025-03-07, 7 14 06 AM.mov","C:\Users\shivp\Downloads\Research\DATASET\Yashan Dhaliwal RAC Data 2025\7 March 2025\During Exercise\436\Video 2025-03-07, 7 14 06 AM.mov",90.795000,30.001652,2724
191,370,Healthy,Healthy,healthy,Yashan Dhaliwal RAC Data 2025,"28 Feb 2025/After Exercise/370/Video 2025-02-28, 9 45 01 AM.mov","C:\Users\shivp\Downloads\Research\DATASET\Yashan Dhaliwal RAC Data 2025\28 Feb 2025\After Exercise\370\Video 2025-02-28, 9 45 01 AM.mov",132.758333,30.001883,3983
192,354,Unhealthy,Unhealthy,lame,Yashan Dhaliwal RAC Data 2025,"10 March 2025/Before exercise/354/Video 2025-03-10, 6 46 55 AM.mov","C:\Users\shivp\Downloads\Research\DATASET\Yashan Dhaliwal RAC Data 2025\10 March 2025\Before exercise\354\Video 2025-03-10, 6 46 55 AM.mov",121.160000,30.001651,3635
193,255,Unhealthy,Unhealthy,lame,Yashan Dhaliwal RAC Data 2025,"6 March 2025/During Exercise/255/Video 2025-03-06, 6 50 27 AM.mov","C:\Users\shivp\Downloads\Research\DATASET\Yashan Dhaliwal RAC Data 2025\6 March 2025\During Exercise\255\Video 2025-03-06, 6 50 27 AM.mov",67.763333,30.001476,2033
194,394,Unhealthy,Unhealthy,lameness,Truro Cow Video Data,unhealthy cows before going out/Oct 6/394-lameness.mov,C:\Users\shivp\Downloads\Research\DATASET\Truro Cow Video Data\unhealthy cows before going out\Oct 6\394-lameness.mov,61.573333,29.996752,1847
195,323,Unhealthy,Unhealthy,lameness,Truro Cow Video Data,unhealthy cows before going out/Nov 28/323-lameness.mov,C:\Users\shivp\Downloads\Research\DATASET\Truro Cow Video Data\unhealthy cows before going out\Nov 28\323-lameness.mov,60.930000,30.001641,1828
196,310,Unhealthy,Unhealthy,possible mastitis,Yashan Dhaliwal RAC Data 2025,"6 March 2025/After Exercise/310/Video 2025-03-06, 7 50 46 AM.mov","C:\Users\shivp\Downloads\Research\DATASET\Yashan Dhaliwal RAC Data 2025\6 March 2025\After Exercise\310\Video 2025-03-06, 7 50 46 AM.mov",121.393333,30.001648,3642
197,406,Healthy,Healthy,healthy folder,Truro Cow Video Data,healthy cows before going out/Sep 4/406.mov,C:\Users\shivp\Downloads\Research\DATASET\Truro Cow Video Data\healthy cows before going out\Sep 4\406.mov,62.106667,29.996780,1863
198,387,Healthy,Healthy,healthy folder,Truro Cow Video Data,healthy cows after exercise/Oct 1/387.mov,C:\Users\shivp\Downloads\Research\DATASET\Truro Cow Video Data\healthy cows after exercise\Oct 1\387.mov,58.840000,29.996601,1765
199,402,Healthy,Healthy,healthy folder,Truro Cow Video Data,healthy cows before going out/Nov 5/402.mov,C:\Users\shivp\Downloads\Research\DATASET\Truro Cow Video Data\healthy cows before going out\Nov 5\402.mov,63.173333,29.996834,1895
200,403,Unhealthy,Unhealthy,lameness,Truro Cow Video Data,unhealthy cows after exercise/Oct 1/403-lameness.mov,C:\Users\shivp\Downloads\Research\DATASET\Truro Cow Video Data\unhealthy cows after exercise\Oct 1\403-lameness.mov,62.106667,29.996780,1863
201,374,Healthy,Healthy,healthy folder,Truro Cow Video Data,healthy cows after exercise/Oct 29/374.mov,C:\Users\shivp\Downloads\Research\DATASET\Truro Cow Video Data\healthy cows after exercise\Oct 29\374.mov,61.873333,29.996768,1856
202,421,Unhealthy,Unhealthy,lameness/stiffness,Yashan Dhaliwal RAC Data 2025,"10 March 2025/After exercise/421/Video 2025-03-10, 7 20 34 AM.mov","C:\Users\shivp\Downloads\Research\DATASET\Yashan Dhaliwal RAC Data 2025\10 March 2025\After exercise\421\Video 2025-03-10, 7 20 34 AM.mov",122.126667,30.001638,3664
203,433,Unhealthy,Unhealthy,possible mastitis,Yashan Dhaliwal RAC Data 2025,"19 Feb 2025/During Exercise/433/Video 2025-02-19, 9 20 37 AM.mov","C:\Users\shivp\Downloads\Research\DATASET\Yashan Dhaliwal RAC Data 2025\19 Feb 2025\During Exercise\433\Video 2025-02-19, 9 20 37 AM.mov",62.330000,30.001604,1870
204,438,Unhealthy,Unhealthy,possible metritis,Yashan Dhaliwal RAC Data 2025,"7 March 2025/Before Exercise/438/Video 2025-03-07, 6 25 22 AM.mov","C:\Users\shivp\Downloads\Research\DATASET\Yashan Dhaliwal RAC Data 2025\7 March 2025\Before Exercise\438\Video 2025-03-07, 6 25 22 AM.mov",121.333333,30.000000,3640
205,417,Unhealthy,Healthy,healthy,Yashan Dhaliwal RAC Data 2025,"20 Feb 2025/After Exercise/417/Video 2025-02-20, 9 53 18 AM.mov","C:\Users\shivp\Downloads\Research\DATASET\Yashan Dhaliwal RAC Data 2025\20 Feb 2025\After Exercise\417\Video 2025-02-20, 9 53 18 AM.mov",184.621667,30.001896,5539
206,378,Unhealthy,Healthy,healthy,Yashan Dhaliwal RAC Data 2025,"March 24 2025/After exercise/378/Video 2025-03-24, 7 55 45 AM.mov","C:\Users\shivp\Downloads\Research\DATASET\Yashan Dhaliwal RAC Data 2025\March 24 2025\After exercise\378\Video 2025-03-24, 7 55 45 AM.mov",121.660000,30.001644,3650
207,425,Unhealthy,Unhealthy,lameness,Truro Cow Video Data,unhealthy cows before going out/Sep 29/425-lameness.mov,C:\Users\shivp\Downloads\Research\DATASET\Truro Cow Video Data\unhealthy cows before going out\Sep 29\425-lameness.mov,69.540000,29.997124,2086
208,404,Healthy,Healthy,healthy folder,Truro Cow Video Data,healthy cows before going out/Nov 7/404.mov,C:\Users\shivp\Downloads\Research\DATASET\Truro Cow Video Data\healthy cows before going out\Nov 7\404.mov,63.573333,29.996854,1907
209,436,Healthy,Healthy,healthy,Yashan Dhaliwal RAC Data 2025,"17 March 2025/During Exercise/436/Video 2025-03-17, 8 24 39 AM.mov","C:\Users\shivp\Downloads\Research\DATASET\Yashan Dhaliwal RAC Data 2025\17 March 2025\During Exercise\436\Video 2025-03-17, 8 24 39 AM.mov",93.995000,30.001596,2820
210,370,Healthy,Healthy,healthy,Yashan Dhaliwal RAC Data 2025,"10 March 2025/During exercise/370/Video 2025-03-10, 7 00 12 AM.mov","C:\Users\shivp\Downloads\Research\DATASET\Yashan Dhaliwal RAC Data 2025\10 March 2025\During exercise\370\Video 2025-03-10, 7 00 12 AM.mov",96.596667,28.044446,2709
211,354,Unhealthy,Unhealthy,lame,Yashan Dhaliwal RAC Data 2025,"10 March 2025/After exercise/354/Video 2025-03-10, 7 39 22 AM.mov","C:\Users\shivp\Downloads\Research\DATASET\Yashan Dhaliwal RAC Data 2025\10 March 2025\After exercise\354\Video 2025-03-10, 7 39 22 AM.mov",121.326667,30.001648,3640
212,255,Unhealthy,Unhealthy,lame,Yashan Dhaliwal RAC Data 2025,"27 Feb 2025/During Exercise/255/Video 2025-02-27, 3 06 39 PM.mov","C:\Users\shivp\Downloads\Research\DATASET\Yashan Dhaliwal RAC Data 2025\27 Feb 2025\During Exercise\255\Video 2025-02-27, 3 06 39 PM.mov",121.493333,30.001646,3645
213,394,Unhealthy,Unhealthy,lameness,Truro Cow Video Data,unhealthy cows before going out/oct 29/394-lameness.mov,C:\Users\shivp\Downloads\Research\DATASET\Truro Cow Video Data\unhealthy cows before going out\oct 29\394-lameness.mov,61.161667,30.002453,1835
214,310,Unhealthy,Unhealthy,possible mastitis,Yashan Dhaliwal RAC Data 2025,"17 March 2025/After exercise/310/Video 2025-03-17, 8 49 13 AM.mov","C:\Users\shivp\Downloads\Research\DATASET\Yashan Dhaliwal RAC Data 2025\17 March 2025\After exercise\310\Video 2025-03-17, 8 49 13 AM.mov",91.861667,30.001633,2756
215,387,Healthy,Healthy,healthy folder,Truro Cow Video Data,healthy cows before going out/Sep 25/387.mov,C:\Users\shivp\Downloads\Research\DATASET\Truro Cow Video Data\healthy cows before going out\Sep 25\387.mov,61.840000,29.996766,1855
216,402,Healthy,Healthy,healthy folder,Truro Cow Video Data,healthy cows before going out/Nov 7/402.mov,C:\Users\shivp\Downloads\Research\DATASET\Truro Cow Video Data\healthy cows before going out\Nov 7\402.mov,62.606667,29.996805,1878
217,403,Unhealthy,Unhealthy,lameness,Truro Cow Video Data,unhealthy cows after exercise/Sep 8/403- lameness.mov,C:\Users\shivp\Downloads\Research\DATASET\Truro Cow Video Data\unhealthy cows after exercise\Sep 8\403- lameness.mov,55.605000,29.997302,1668
218,374,Healthy,Healthy,healthy folder,Truro Cow Video Data,healthy cows after exercise/Nov 5/374.mov,C:\Users\shivp\Downloads\Research\DATASET\Truro Cow Video Data\healthy cows after exercise\Nov 5\374.mov,61.625000,29.987830,1848
219,421,Unhealthy,Unhealthy,lameness/stiffness,Yashan Dhaliwal RAC Data 2025,"26 March 2025/After exercise/421/Video 2025-03-26, 8 29 55 AM.mov","C:\Users\shivp\Downloads\Research\DATASET\Yashan Dhaliwal RAC Data 2025\26 March 2025\After exercise\421\Video 2025-03-26, 8 29 55 AM.mov",140.291667,30.001782,4209
220,433,Unhealthy,Unhealthy,possible mastitis,Yashan Dhaliwal RAC Data 2025,"20 Feb 2025/After Exercise/433/Video 2025-02-20, 9 48 55 AM.mov","C:\Users\shivp\Downloads\Research\DATASET\Yashan Dhaliwal RAC Data 2025\20 Feb 2025\After Exercise\433\Video 2025-02-20, 9 48 55 AM.mov",181.188333,30.001932,5436
221,438,Unhealthy,Unhealthy,possible metritis,Yashan Dhaliwal RAC Data 2025,"19 Feb 2025/After Exercise/438/Video 2025-02-19, 10 00 34 AM.mov","C:\Users\shivp\Downloads\Research\DATASET\Yashan Dhaliwal RAC Data 2025\19 Feb 2025\After Exercise\438\Video 2025-02-19, 10 00 34 AM.mov",165.690000,30.001811,4971
222,417,Unhealthy,Healthy,healthy,Yashan Dhaliwal RAC Data 2025,"24 Feb 2025/Before Exercise/417/Video 2025-02-24, 8 52 11 AM.mov","C:\Users\shivp\Downloads\Research\DATASET\Yashan Dhaliwal RAC Data 2025\24 Feb 2025\Before Exercise\417\Video 2025-02-24, 8 52 11 AM.mov",127.858333,30.001955,3836
223,378,Unhealthy,Healthy,healthy,Yashan Dhaliwal RAC Data 2025,"19 Feb 2025/After Exercise/378/Video 2025-02-19, 9 46 39 AM.mov","C:\Users\shivp\Downloads\Research\DATASET\Yashan Dhaliwal RAC Data 2025\19 Feb 2025\After Exercise\378\Video 2025-02-19, 9 46 39 AM.mov",182.921667,30.001913,5488
224,425,Unhealthy,Unhealthy,lameness,Truro Cow Video Data,unhealthy cows before going out/Nov 5/425- lameness.mov,C:\Users\shivp\Downloads\Research\DATASET\Truro Cow Video Data\unhealthy cows before going out\Nov 5\425- lameness.mov,64.306667,29.996890,1929
225,404,Healthy,Healthy,healthy folder,Truro Cow Video Data,healthy cows before going out/Sep 29/404.mov,C:\Users\shivp\Downloads\Research\DATASET\Truro Cow Video Data\healthy cows before going out\Sep 29\404.mov,62.940000,29.996822,1888
226,436,Healthy,Healthy,healthy,Yashan Dhaliwal RAC Data 2025,"27 Feb 2025/During Exercise/436/Video 2025-02-27, 3 11 14 PM.mov","C:\Users\shivp\Downloads\Research\DATASET\Yashan Dhaliwal RAC Data 2025\27 Feb 2025\During Exercise\436\Video 2025-02-27, 3 11 14 PM.mov",119.831667,30.000417,3595
227,370,Healthy,Healthy,healthy,Yashan Dhaliwal RAC Data 2025,"12 March 2025/After exercise/370/Video 2025-03-12, 8 04 58 AM.mov","C:\Users\shivp\Downloads\Research\DATASET\Yashan Dhaliwal RAC Data 2025\12 March 2025\After exercise\370\Video 2025-03-12, 8 04 58 AM.mov",90.928333,30.001650,2728
228,354,Unhealthy,Unhealthy,lame,Yashan Dhaliwal RAC Data 2025,"27 Feb 2025/Before Exercise/354/Video 2025-02-27, 2 49 57 PM.mov","C:\Users\shivp\Downloads\Research\DATASET\Yashan Dhaliwal RAC Data 2025\27 Feb 2025\Before Exercise\354\Video 2025-02-27, 2 49 57 PM.mov",122.226667,30.001636,3667
229,255,Unhealthy,Unhealthy,lame,Yashan Dhaliwal RAC Data 2025,"26 March 2025/255/Video 2025-03-26, 8 36 20 AM.mov","C:\Users\shivp\Downloads\Research\DATASET\Yashan Dhaliwal RAC Data 2025\26 March 2025\255\Video 2025-03-26, 8 36 20 AM.mov",124.226667,30.001610,3727
230,394,Unhealthy,Unhealthy,lameness,Truro Cow Video Data,unhealthy cows after exercise/Sep 29/394-lameness.mov,C:\Users\shivp\Downloads\Research\DATASET\Truro Cow Video Data\unhealthy cows after exercise\Sep 29\394-lameness.mov,60.673333,29.996704,1820
231,310,Unhealthy,Unhealthy,possible mastitis,Yashan Dhaliwal RAC Data 2025,"March 19 2025/During exercise/310/Video 2025-03-19, 7 28 29 AM.mov","C:\Users\shivp\Downloads\Research\DATASET\Yashan Dhaliwal RAC Data 2025\March 19 2025\During exercise\310\Video 2025-03-19, 7 28 29 AM.mov",95.028333,30.001578,2851
232,402,Healthy,Healthy,healthy folder,Truro Cow Video Data,healthy cows before going out/Sep 25/402.mov,C:\Users\shivp\Downloads\Research\DATASET\Truro Cow Video Data\healthy cows before going out\Sep 25\402.mov,61.506667,29.996748,1845
233,403,Unhealthy,Unhealthy,lameness,Truro Cow Video Data,unhealthy cows after exercise/Sep 4/403- lameness.mov,C:\Users\shivp\Downloads\Research\DATASET\Truro Cow Video Data\unhealthy cows after exercise\Sep 4\403- lameness.mov,61.240000,29.996734,1837
234,374,Healthy,Healthy,healthy folder,Truro Cow Video Data,healthy cows after exercise/Nov 28/374.mov,C:\Users\shivp\Downloads\Research\DATASET\Truro Cow Video Data\healthy cows after exercise\Nov 28\374.mov,54.205000,29.997233,1626
235,421,Unhealthy,Unhealthy,lameness/stiffness,Yashan Dhaliwal RAC Data 2025,"6 March 2025/After Exercise/421/Video 2025-03-06, 7 41 38 AM.mov","C:\Users\shivp\Downloads\Research\DATASET\Yashan Dhaliwal RAC Data 2025\6 March 2025\After Exercise\421\Video 2025-03-06, 7 41 38 AM.mov",120.860000,30.001655,3626
236,433,Unhealthy,Unhealthy,possible mastitis,Yashan Dhaliwal RAC Data 2025,"24 Feb 2025/After Exercise/433/Video 2025-02-24, 10 37 28 AM.mov","C:\Users\shivp\Downloads\Research\DATASET\Yashan Dhaliwal RAC Data 2025\24 Feb 2025\After Exercise\433\Video 2025-02-24, 10 37 28 AM.mov",122.460000,30.001633,3674
237,438,Unhealthy,Unhealthy,possible metritis,Yashan Dhaliwal RAC Data 2025,"27 Feb 2025/Before Exercise/438/Video 2025-02-27, 2 42 51 PM.mov","C:\Users\shivp\Downloads\Research\DATASET\Yashan Dhaliwal RAC Data 2025\27 Feb 2025\Before Exercise\438\Video 2025-02-27, 2 42 51 PM.mov",124.658333,30.002005,3740
238,417,Unhealthy,Unhealthy,fresh cows,Truro Cow Video Data,unhealthy cows after exercise/Sep 4/417- fresh cows .mov,C:\Users\shivp\Downloads\Research\DATASET\Truro Cow Video Data\unhealthy cows after exercise\Sep 4\417- fresh cows .mov,63.573333,29.996854,1907
239,378,Unhealthy,Healthy,healthy,Yashan Dhaliwal RAC Data 2025,"March 19 2025/Before Exercise/378/Video 2025-03-19, 7 05 02 AM.mov","C:\Users\shivp\Downloads\Research\DATASET\Yashan Dhaliwal RAC Data 2025\March 19 2025\Before Exercise\378\Video 2025-03-19, 7 05 02 AM.mov",121.151667,29.995460,3634
240,425,Unhealthy,Unhealthy,lameness,Truro Cow Video Data,unhealthy cows after exercise/Sep 29/425-lameness.mov,C:\Users\shivp\Downloads\Research\DATASET\Truro Cow Video Data\unhealthy cows after exercise\Sep 29\425-lameness.mov,63.473333,29.996849,1904
241,404,Healthy,Healthy,healthy folder,Truro Cow Video Data,healthy cows after exercise/Oct 29/404.mov,C:\Users\shivp\Downloads\Research\DATASET\Truro Cow Video Data\healthy cows after exercise\Oct 29\404.mov,59.040000,29.996612,1771
242,436,Healthy,Healthy,healthy,Yashan Dhaliwal RAC Data 2025,"10 March 2025/After exercise/436/Video 2025-03-10, 7 41 37 AM.mov","C:\Users\shivp\Downloads\Research\DATASET\Yashan Dhaliwal RAC Data 2025\10 March 2025\After exercise\436\Video 2025-03-10, 7 41 37 AM.mov",121.193333,30.001650,3636
243,370,Healthy,Healthy,healthy,Yashan Dhaliwal RAC Data 2025,"17 March 2025/Before exercise/370/Video 2025-03-17, 6 53 55 AM.mov","C:\Users\shivp\Downloads\Research\DATASET\Yashan Dhaliwal RAC Data 2025\17 March 2025\Before exercise\370\Video 2025-03-17, 6 53 55 AM.mov",121.868333,29.991384,3655
244,354,Unhealthy,Unhealthy,lame,Yashan Dhaliwal RAC Data 2025,"12 March 2025/After exercise/354/Video 2025-03-12, 8 17 08 AM.mov","C:\Users\shivp\Downloads\Research\DATASET\Yashan Dhaliwal RAC Data 2025\12 March 2025\After exercise\354\Video 2025-03-12, 8 17 08 AM.mov",92.695000,30.001618,2781
245,255,Unhealthy,Unhealthy,lame,Yashan Dhaliwal RAC Data 2025,"28 Feb 2025/After Exercise/255/Video 2025-02-28, 9 47 37 AM.mov","C:\Users\shivp\Downloads\Research\DATASET\Yashan Dhaliwal RAC Data 2025\28 Feb 2025\After Exercise\255\Video 2025-02-28, 9 47 37 AM.mov",123.960000,30.001613,3719
246,394,Unhealthy,Unhealthy,lameness,Truro Cow Video Data,unhealthy cows before going out/Nov 10/394- lameness.mov,C:\Users\shivp\Downloads\Research\DATASET\Truro Cow Video Data\unhealthy cows before going out\Nov 10\394- lameness.mov,54.238333,29.997234,1627
247,310,Unhealthy,Unhealthy,possible mastitis,Yashan Dhaliwal RAC Data 2025,"10 March 2025/After exercise/310/Video 2025-03-10, 7 35 13 AM.mov","C:\Users\shivp\Downloads\Research\DATASET\Yashan Dhaliwal RAC Data 2025\10 March 2025\After exercise\310\Video 2025-03-10, 7 35 13 AM.mov",121.826667,30.001642,3655
248,402,Healthy,Healthy,healthy folder,Truro Cow Video Data,healthy cows after exercise/Nov 28/402.mov,C:\Users\shivp\Downloads\Research\DATASET\Truro Cow Video Data\healthy cows after exercise\Nov 28\402.mov,54.805000,29.997263,1644
249,403,Unhealthy,Unhealthy,lameness,Truro Cow Video Data,unhealthy cows before going out/Sep 5/403- lameness.mov,C:\Users\shivp\Downloads\Research\DATASET\Truro Cow Video Data\unhealthy cows before going out\Sep 5\403- lameness.mov,54.871667,29.997266,1646
250,421,Unhealthy,Unhealthy,lameness/stiffness,Yashan Dhaliwal RAC Data 2025,"20 Feb 2025/During Exercise/421/Video 2025-02-20, 9 26 43 AM.mov","C:\Users\shivp\Downloads\Research\DATASET\Yashan Dhaliwal RAC Data 2025\20 Feb 2025\During Exercise\421\Video 2025-02-20, 9 26 43 AM.mov",152.090000,30.001973,4563
